CountryName,MakeName,ModelName,Cost,RepairsCost,PartsCost,TransportInCost,Color,SalePrice,LineItemDiscount,InvoiceNumber,SaleDate,IsRHD,DateBought,CustomerName,SalesDetailsID,StockCode,BuyerComments,MakeCountry,TotalSalePrice,Town,PostCode,Country,IsReseller,IsCreditRisk,CountryISO3,LineItemNumber,Address1
United Kingdom,Ferrari,Testarossa,52000,2175,1500,750,Red,65000,2700,GBPGB001,2015-01-02 08:00:00,TRUE,2015-01-01 12:00:00,Magic Motors,1,B1C3B95E-3005-4840-8CE3-A7BC5F9CFB3F,Superb Car! Wish I could afford a second one!,ITA,65000,Birmingham,B1 7AZ,GB        ,TRUE,FALSE,GBR       ,1,"27, Handsworth Road"
United Kingdom,Ferrari,355,176000,5500,2200,1950,Blue,220000,60000,GBPGB002,2015-01-25 12:00:00,TRUE,2015-01-10 12:00:00,Snazzy Roadsters,2,A2C3B95E-3005-4840-8CE3-A7BC5F9CFB5F,,ITA,220000.1,Birmingham,B3 5ST,GB        ,TRUE,TRUE,GBR       ,1,"102, Bleak Street"
United Kingdom,Porsche,911,15600,660,0,150,British Racing Green,19500,,GBPGB003,2015-02-03 10:00:00,TRUE,2015-01-29 12:00:00,Birmingham Executive Prestige Vehicles,3,558620F5-B9E8-4FFF-8F73-A83FA9559C41,An absolute example of the pinnacle of British engineering. This is a wonderful piece of kit.,GER,19500,Birmingham,B2 8UH,GB        ,TRUE,FALSE,GBR       ,1,"96, Aardvark Avenue"
Germany,Porsche,924,9200,500,750,150,British Racing Green,11500,,EURDE004,2015-02-16 08:00:00,TRUE,2015-02-14 12:00:00,WunderKar,4,72443561-FAC4-4C25-B8FF-0C47361DDE2D,,GER,11500,Berlin,,DE        ,TRUE,FALSE,DEU       ,1,AlexanderPlatz 205
France,Porsche,944,15960,1360,500,150,Red,19950,,EURFR005,2015-01-02 10:33:00,TRUE,2015-01-01 12:00:00,Casseroles Chromes,5,2189D556-D1C4-4BC1-B0C8-4053319E8E9D,,GER,19900,Lyon,,FR        ,TRUE,FALSE,FRA       ,1,"29, Rue Gigondas"
United Kingdom,Aston Martin,DB4,23600,500,750,150,Night Blue,29500,1250,GBPGB006,2015-03-14 12:00:00,TRUE,2015-03-05 12:00:00,Magic Motors,6,C1459308-7EA5-4A2D-82BC-38079BB4049B,,GBR,29500,Birmingham,B1 7AZ,GB        ,TRUE,FALSE,GBR       ,1,"27, Handsworth Road"
United Kingdom,Aston Martin,DB5,39600,2500,1500,550,Black,49500,2450,GBPGB007,2015-03-24 12:00:00,TRUE,2015-03-15 12:00:00,Birmingham Executive Prestige Vehicles,7,E6E6270A-60B0-4817-AA57-17F26B2B8DAF,FAbulous motor!,GBR,49500.2,Birmingham,B2 8UH,GB        ,TRUE,FALSE,GBR       ,1,"96, Aardvark Avenue"
United Kingdom,Aston Martin,DB6,60800,3250,750,750,Canary Yellow,76000,5500,GBPGB008,2015-03-30 12:00:00,FALSE,2015-03-26 12:00:00,Eat My Exhaust Ltd,8,CEDFB8D2-BD98-4A08-BC46-406D23940527,,GBR,76000.9,Liverpool,L1 8UY,GB        ,TRUE,FALSE,GBR       ,1,"29, Kop Hill"
France,Porsche,911,15680,890,500,150,Blue,19600,,EURFR009,2015-04-06 12:00:00,TRUE,2015-04-04 12:00:00,M. Pierre Dubois,9,6081DBE7-9AD6-4C64-A676-61D919E64979,,GER,19600,Marseille,,FR        ,FALSE,FALSE,FRA       ,1,"14, Rue De La Hutte"
United States,Aston Martin,DB5,29200,1950,500,550,Blue,36500,2500,USDUS010,2015-04-04 12:00:00,TRUE,2015-04-02 12:00:00,Sondra Horowitz,10,D63C8CC9-DB19-4B9C-9C8E-6C6370812041,,GBR,36500,Los Angeles,,US        ,FALSE,FALSE,USA       ,1,10040 Great Western Road
United Kingdom,Porsche,944,6800,250,225,150,Blue,8500,50,GBPGB011,2015-04-30 12:00:00,TRUE,2015-04-15 12:00:00,Wonderland Wheels,11,F3A2712D-20CA-495D-9F6A-8A4CA195248D,,GER,89000,London,E7 4BR,GB        ,TRUE,FALSE,GBR       ,1,"57, Grosvenor Estate Avenue"
France,Aston Martin,DB6,36000,1250,750,550,Night Blue,45000,,EURFR136,2017-03-31 01:08:00,TRUE,2015-04-30 12:00:00,Vive La Vitesse,149,EDCCE461-5DA8-4E2E-8F08-798431841575,,GBR,45000,Marseille,,FR        ,TRUE,FALSE,FRA       ,1,"56, Rue Noiratre"
United Kingdom,Bentley,Flying Spur,64400,500,750,750,British Racing Green,80500,500,GBPGB011,2015-04-30 12:00:00,TRUE,2015-05-01 12:00:00,Wonderland Wheels,12,4C57F13A-E21B-4AAC-9E9D-A219D4C691C6,,GBR,89000,London,E7 4BR,GB        ,TRUE,FALSE,GBR       ,2,"57, Grosvenor Estate Avenue"
United Kingdom,Ferrari,355,135600,5500,2200,1950,Black,169500,,GBPGB012,2015-05-10 12:00:00,TRUE,2015-05-15 12:00:00,London Executive Prestige Vehicles,13,98C1E31A-4258-4F78-95D4-2365167E6F3F,,ITA,169500,London,NW1 0AK,GB        ,TRUE,TRUE,GBR       ,1,"199, Park Lane"
France,Porsche,944,7160,500,750,150,Green,8950,25,EURFR013,2015-05-20 12:00:00,TRUE,2015-05-26 12:00:00,M. Pierre Dubois,14,951195C4-7B69-418B-9AC2-61CCB7FE7C09,,GER,8950,Marseille,,FR        ,FALSE,FALSE,FRA       ,1,"14, Rue De La Hutte"
United Kingdom,Ferrari,Testarossa,156000,6000,1500,1950,Green,195000,,GBPGB014,2015-05-28 12:00:00,TRUE,2015-06-03 12:00:00,Glittering Prize Cars Ltd,15,91CF8133-EF19-4C92-BEFB-6A24FD85EF3A,,ITA,195000,London,E17 9IK,GB        ,TRUE,FALSE,GBR       ,1,"46, Golders Green Road"
France,Mercedes,280SL,18360,550,500,150,Red,22950,950,EURFR015,2015-06-04 04:37:00,TRUE,2015-06-05 12:00:00,La Bagnole de Luxe,16,BCCB9C13-AEDA-4467-A014-48F0C7A0D6A4,,GER,22950,Paris,,FR        ,TRUE,FALSE,FRA       ,1,890 Place de la Concorde
United Kingdom,Alfa Romeo,Giulia,6956,400,750,150,Red,8695,95,GBPGB016,2015-07-12 10:00:00,TRUE,2015-07-10 12:00:00,Convertible Dreams,17,94FF5451-471C-4F17-BE27-BA55D3ECF5DC,,ITA,8695,London,SW2 6PL,GB        ,TRUE,FALSE,GBR       ,1,"31, Archbishop Ave"
United Kingdom,Jaguar,XK150,18392,390,150,150,Night Blue,22990,,GBPGB017,2015-07-15 12:00:00,TRUE,2015-07-10 12:00:00,Alexei Tolstoi,18,325F4D73-D44A-44BD-B109-AD25D924D38F,,GBR,22990,London,N4 2CV,GB        ,FALSE,FALSE,GBR       ,1,"83, Abbey Road"
France,Jaguar,XJS,15600,290,750,150,Silver,19500,1500,EURFR018,2015-07-25 12:00:00,TRUE,2015-07-25 12:00:00,SuperSport S.A.R.L.,19,FDCDF3F0-F0AD-4E7F-8793-8B146700D035,,GBR,75500,Paris,,FR        ,TRUE,TRUE,FRA       ,1,210 Place de la Republique
France,Aston Martin,DB6,44800,1785,500,550,Canary Yellow,56000,,EURFR018,2015-07-25 12:00:00,TRUE,2015-07-25 12:00:00,SuperSport S.A.R.L.,20,34CEE6C8-985B-4005-AB2F-AD3235C6A16D,,GBR,75500,Paris,,FR        ,TRUE,TRUE,FRA       ,2,210 Place de la Republique
United Kingdom,Porsche,944,7040,140,750,150,Blue,8800,500,GBPGB042,2016-04-30 12:00:00,TRUE,2015-07-25 12:00:00,Silver HubCaps,45,CE0A56A6-8218-4F4C-A0E2-63F3DC9E4AE6,,GER,8800,Manchester,M1 7TH,GB        ,TRUE,FALSE,GBR       ,1,"54, Didsbury Lane"
United States,Triumph,TR4,4400,500,750,150,Night Blue,5500,500,USDUS019,2015-08-02 08:00:00,TRUE,2015-08-01 12:00:00,Theo Kowalski,21,BEECAE2C-0A38-473D-893F-7C8917A779C2,,GBR,5500,New York,,US        ,FALSE,FALSE,USA       ,1,1000 East 51st Street
United Kingdom,Triumph,TR5,10120,320,750,150,Green,12650,,GBPGB020,2015-09-05 12:00:00,TRUE,2015-08-24 12:00:00,Peter McLuckie,22,5672C4AF-78E1-4BA4-B1D1-19383DCBE43C,,GBR,12650,London,W10 BN,GB        ,FALSE,FALSE,GBR       ,1,"73, Entwhistle Street"
United Kingdom,Ferrari,355,125200,2200,3150,1950,British Racing Green,156500,,GBPGB094,2016-09-19 12:00:00,TRUE,2015-09-11 12:00:00,Honest Pete Motors,103,C001858B-0B5D-4648-8F0D-80269964C921,,ITA,163050,Stoke,ST3 9XY,GB        ,TRUE,FALSE,GBR       ,2,"76, Williams Street"
United Kingdom,Porsche,924,7160,360,750,150,Black,8950,950,GBPGB021,2015-09-15 10:00:00,TRUE,2015-09-28 12:00:00,Posh Vehicles Ltd,23,F95052DB-3E09-4070-ADA4-5114CCAD96C0,,GER,8950,Manchester,M4 5SD,GB        ,TRUE,FALSE,GBR       ,1,"82, Millar Close"
Switzerland,Bentley,Flying Spur,44360,490,225,550,Red,55450,1500,GBPCH228,2018-02-17 12:00:00,TRUE,2015-09-30 12:00:00,Raimondo Delattre,248,A6FCB276-6311-4B3E-9C99-23F197952F1C,,GBR,55450,Geneva,CH-1211,CH        ,FALSE,FALSE,CHF       ,1,"9, Place de Chatelet"
United Kingdom,Jaguar,XK120,12480,1100,500,150,Red,15600,,GBPGB022,2015-09-15 12:00:00,TRUE,2015-10-01 12:00:00,Peter McLuckie,24,646C802F-C868-40F0-AF81-1BF387AFB82B,,GBR,15600,London,W10 BN,GB        ,FALSE,FALSE,GBR       ,1,"73, Entwhistle Street"
United Kingdom,Jaguar,XJS,18080,660,750,150,Red,22600,600,GBPGB023,2015-10-30 12:00:00,FALSE,2015-10-29 12:00:00,Alexei Tolstoi,25,1BB4B941-79F4-4E98-9E13-46875CA7EB67,,GBR,22600,London,N4 2CV,GB        ,FALSE,FALSE,GBR       ,1,"83, Abbey Road"
United States,Aston Martin,Virage,98872,2175,2200,750,Black,123590,2450,USDUS024,2015-10-30 12:00:00,TRUE,2015-10-29 12:00:00,Theo Kowalski,26,18E980AB-452D-42EF-8728-12822AD20C60,,GBR,123590,New York,,US        ,FALSE,FALSE,USA       ,1,1000 East 51st Street
United Kingdom,Porsche,911,18360,500,750,150,Black,22950,50,GBPGB025,2015-11-10 12:00:00,TRUE,2015-11-01 12:00:00,Convertible Dreams,27,F2DE934E-62C3-45F6-AFA8-2FFA963F5360,,GER,22950,London,SW2 6PL,GB        ,TRUE,FALSE,GBR       ,1,"31, Archbishop Ave"
United Kingdom,Aston Martin,DB6,55600,1490,1500,750,Silver,69500,,GBPGB026,2015-12-01 08:00:00,TRUE,2015-11-11 12:00:00,Alexei Tolstoi,28,0CC75388-9A95-4F14-8D9A-8373E3B44D8A,,GBR,69500,London,N4 2CV,GB        ,FALSE,FALSE,GBR       ,1,"83, Abbey Road"
Switzerland,Triumph,TR4,10000,500,225,150,Silver,12500,,GBPCH027,2016-01-01 12:00:00,TRUE,2015-12-22 12:00:00,Le Luxe en Motion,29,5CCF4F6B-43B3-4C7F-B674-6CAFD056E52A,,GBR,12500,Geneva,CH-1201,CH        ,TRUE,TRUE,CHF       ,1,"Avenue des Indes, 26"
United Kingdom,Porsche,944,10000,500,750,150,Black,12500,1500,GBPGB028,2016-01-01 12:00:00,TRUE,2015-12-23 12:00:00,Eat My Exhaust Ltd,30,E264504D-3451-4670-AAB8-E4C66F2387B0,,GER,12500,Liverpool,L1 8UY,GB        ,TRUE,FALSE,GBR       ,1,"29, Kop Hill"
United States,Ferrari,355,127600,2000,3150,1950,Silver,159500,,USDUS029,2016-01-01 12:00:00,TRUE,2015-12-24 12:00:00,Sondra Horowitz,31,A926BB6C-FC26-4EBB-997E-2DF7EDC48E92,,ITA,159500,Los Angeles,,US        ,FALSE,FALSE,USA       ,1,10040 Great Western Road
United Kingdom,Ferrari,Testarossa,132000,3950,2200,1950,Night Blue,165000,5000,GBPGB030,2016-01-01 08:00:00,TRUE,2015-12-25 12:00:00,Wonderland Wheels,32,202B3C90-188F-413E-A44A-B99F16F03464,,ITA,165000,London,E7 4BR,GB        ,TRUE,FALSE,GBR       ,1,"57, Grosvenor Estate Avenue"
France,Alfa Romeo,Giulia,2040,500,750,150,British Racing Green,2550,50,EURFR031,2016-01-07 12:00:00,TRUE,2016-01-02 12:00:00,M. Pierre Dubois,33,486C65E8-5CB9-4A33-9507-E2E5E3CB91CC,,ITA,2550,Marseille,,FR        ,FALSE,FALSE,FRA       ,1,"14, Rue De La Hutte"
United Kingdom,Porsche,911,23600,1360,500,150,Black,29500,,GBPGB032,2016-01-07 12:00:00,FALSE,2016-01-02 12:00:00,Posh Vehicles Ltd,34,3F3BED8D-1203-4D3E-8AC0-3ACAC73BDE17,,GER,29500,Manchester,M4 5SD,GB        ,TRUE,FALSE,GBR       ,1,"82, Millar Close"
United States,Porsche,944,10120,500,750,150,Night Blue,12650,500,USDUS033,2016-01-09 12:00:00,TRUE,2016-01-02 12:00:00,Jason B. Wight,35,281946B6-D061-455A-801B-A0EDF3E37530,,GER,12650,Washington,,US        ,FALSE,FALSE,USA       ,1,5300 Star Boulevard
United Kingdom,Bentley,Continental,45560,2000,750,550,Pink,56950,,GBPGB034,2016-01-22 12:00:00,FALSE,2016-01-10 12:00:00,Silver HubCaps,36,98A92DA3-2B99-4625-998B-2BB2FBB8F167,,GBR,56950,Manchester,M1 7TH,GB        ,TRUE,FALSE,GBR       ,1,"54, Didsbury Lane"
United Kingdom,Aston Martin,DB6,44800,1360,500,550,British Racing Green,56000,,GBPGB035,2016-02-22 12:00:00,TRUE,2016-01-31 12:00:00,Stan Collywobble,37,A9D335E7-2389-4DE1-9484-DC4EC6BA81D4,,GBR,56000,Manchester,M1 5HJ,GB        ,FALSE,TRUE,GBR       ,1,"65, Townsend Road"
Germany,Bentley,Flying Spur,52712,1490,1500,750,Canary Yellow,65890,750,EURDE036,2016-02-17 12:00:00,TRUE,2016-02-01 12:00:00,Glitz,38,53C088BA-6E14-4758-826A-56FC57D3EEDA,,GBR,71890,Stuttgart,,DE        ,TRUE,FALSE,DEU       ,1,FriedrichStrasse 579
Germany,Alfa Romeo,Giulia,4800,500,750,150,British Racing Green,6000,,EURDE036,2016-02-17 12:00:00,TRUE,2016-02-10 12:00:00,Glitz,39,6C76FDEC-683F-45E1-B027-20ACFD2F501C,,ITA,71890,Stuttgart,,DE        ,TRUE,FALSE,DEU       ,2,FriedrichStrasse 579
France,Porsche,924,31600,500,1500,550,Green,39500,2450,EURFR037,2016-02-16 12:00:00,TRUE,2016-03-15 12:00:00,SuperSport S.A.R.L.,40,A7A80CA3-06D6-40AF-A558-09146A650340,,GER,39500,Paris,,FR        ,TRUE,TRUE,FRA       ,1,210 Place de la Republique
United Kingdom,Lamborghini,Countach,2920,500,750,150,Green,3650,,GBPGB038,2016-02-28 10:10:00,TRUE,2016-03-19 12:00:00,Magic Motors,41,A2112C27-FE1F-48C5-A3BE-A019EE17DDD6,,ITA,3650,Birmingham,B1 7AZ,GB        ,TRUE,FALSE,GBR       ,1,"27, Handsworth Road"
Switzerland,Lamborghini,Diabolo,176400,5500,3150,1950,Blue,220500,,GBPCH039,2016-03-20 12:00:00,FALSE,2016-04-17 12:00:00,Matterhorn Motors,42,88AFBF67-13A6-4BC5-AE50-8C64F0F25453,,ITA,220500,Lausanne,,CH        ,TRUE,FALSE,CHF       ,1,"1, Rue de la Colline"
United Kingdom,Ferrari,Mondial,82360,2175,2200,750,Black,102950,2450,GBPGB040,2016-04-05 12:00:00,TRUE,2016-04-26 12:00:00,King Leer Cars,43,11790E1E-859C-4E05-B6B3-6D72DDCC8DAE,,ITA,102950,Newcastle,NE1 4OX,GB        ,TRUE,FALSE,GBR       ,1,"87, Lindisfarne Road"
United States,Porsche,911,14000,2000,500,150,British Racing Green,17500,,USDUS041,2016-04-30 12:00:00,TRUE,2016-04-29 12:00:00,Jason B. Wight,44,B165CAEF-FF77-4E63-98C1-59D97F97E7C9,,GER,17500,Washington,,US        ,FALSE,FALSE,USA       ,1,5300 Star Boulevard
Germany,Ferrari,360,79600,500,750,750,Black,99500,500,EURDE043,2016-04-30 12:00:00,TRUE,2016-05-02 12:00:00,Glitz,46,23E7F9FA-67D4-47C1-8D66-F1CFBC33540F,,ITA,99500,Stuttgart,,DE        ,TRUE,FALSE,DEU       ,1,FriedrichStrasse 579
United Kingdom,Alfa Romeo,Giulia,14000,1360,225,150,Green,17500,500,GBPGB044,2016-04-30 11:27:00,FALSE,2016-05-02 12:00:00,Silver HubCaps,47,07F0D746-085B-4FB9-9F82-6CEAC851FBC3,,ITA,17500,Manchester,M1 7TH,GB        ,TRUE,FALSE,GBR       ,1,"54, Didsbury Lane"
United Kingdom,Alfa Romeo,Spider,10000,500,750,150,Black,12500,,GBPGB045,2016-04-30 12:00:00,TRUE,2016-05-11 12:00:00,Wonderland Wheels,48,7BABE805-CE07-4C06-AAF1-6B5D83645CD8,,ITA,12500,London,E7 4BR,GB        ,TRUE,FALSE,GBR       ,1,"57, Grosvenor Estate Avenue"
United Kingdom,Jaguar,XJS,7960,500,750,150,Red,9950,,GBPGB046,2016-05-30 12:00:00,TRUE,2016-05-25 12:00:00,Alexei Tolstoi,49,D7BF8DD9-1841-4FDE-8469-66B09FA30A74,,GBR,49450,London,N4 2CV,GB        ,FALSE,FALSE,GBR       ,1,"83, Abbey Road"
United Kingdom,Jaguar,E-Type,31600,2000,750,550,Black,39500,2450,GBPGB046,2016-05-30 12:00:00,TRUE,2016-05-28 12:00:00,Alexei Tolstoi,50,8F278478-CA0B-4CDB-8F02-1A054AAE88A9,,GBR,49450,London,N4 2CV,GB        ,FALSE,FALSE,GBR       ,2,"83, Abbey Road"
France,Aston Martin,DB6,39664,660,500,550,Black,49580,,EURFR047,2016-05-30 12:00:00,TRUE,2016-05-28 12:00:00,SuperSport S.A.R.L.,51,4FFB74AD-C031-4BD9-9589-A87F462E6842,,GBR,49580,Paris,,FR        ,TRUE,TRUE,FRA       ,1,210 Place de la Republique
France,Triumph,TR4,4400,500,750,150,Black,5500,,EURFR048,2016-06-15 12:00:00,TRUE,2016-05-28 12:00:00,M. Pierre Dubois,52,055F7639-30EA-4975-A8CB-29F5C1C1C48E,,GBR,5500,Marseille,,FR        ,FALSE,FALSE,FRA       ,1,"14, Rue De La Hutte"
United Kingdom,Porsche,911,17720,1360,750,150,Night Blue,22150,500,GBPGB049,2016-06-15 12:00:00,TRUE,2016-05-28 12:00:00,Honest Pete Motors,53,518125AE-9A67-45A6-B3FD-557C785796FC,,GER,22150,Stoke,ST3 9XY,GB        ,TRUE,FALSE,GBR       ,1,"76, Williams Street"
United Kingdom,Jaguar,XK120,28000,500,750,550,Black,35000,,GBPGB050,2016-06-15 12:00:00,TRUE,2016-06-02 12:00:00,Peter Smith,54,65F89D52-9B2D-4363-8A07-4A5CE90197DB,,GBR,35000,Birmingham,B5 5SD,GB        ,FALSE,FALSE,GBR       ,1,"82, Ell Pie Lane"
France,Jaguar,XK150,23720,660,750,150,Red,29650,,EURFR051,2016-06-15 12:00:00,TRUE,2016-06-03 12:00:00,Vive La Vitesse,55,54A66D7C-9E0B-40E9-B1B1-CA655F060CDE,,GBR,174650,Marseille,,FR        ,TRUE,FALSE,FRA       ,1,"56, Rue Noiratre"
France,Aston Martin,DB6,36400,500,750,550,Red,45500,,EURFR051,2016-06-15 12:00:00,TRUE,2016-06-04 12:00:00,Vive La Vitesse,56,D93AF620-4F69-475A-98ED-829E0F8A3A40,,GBR,174650,Marseille,,FR        ,TRUE,FALSE,FRA       ,2,"56, Rue Noiratre"
France,Bentley,Flying Spur,79600,2175,750,750,Silver,99500,750,EURFR051,2016-06-15 12:00:00,TRUE,2016-06-06 12:00:00,Vive La Vitesse,57,0BE222D6-9254-4FC8-892D-76563CA81F9B,,GBR,174650,Marseille,,FR        ,TRUE,FALSE,FRA       ,3,"56, Rue Noiratre"
United Kingdom,Porsche,944,12520,500,225,150,Night Blue,15650,,GBPGB052,2016-07-01 08:00:00,TRUE,2016-06-30 12:00:00,Liverpool Executive Prestige Vehicles,58,521659A4-8FF2-441A-8D2E-C584D561301F,,GER,15650,Liverpool,L2 2RD,GB        ,TRUE,FALSE,GBR       ,1,"8, Everton Avenue"
Spain,Porsche,911,39600,500,500,550,Silver,49500,,EURES192,2017-11-01 05:36:00,TRUE,2016-07-03 12:00:00,Antonio Maura,209,1A210C04-C981-4EA4-83B9-A6E76B5B9BDB,,GER,89000,Madrid,,ES        ,FALSE,FALSE,ESP       ,2,"Puerta del Sol, 45"
United States,Alfa Romeo,Giulia,10000,500,750,150,British Racing Green,12500,750,USDUS053,2016-07-06 12:00:00,TRUE,2016-07-03 12:00:00,Jason B. Wight,59,66CCEBEA-00EA-44B3-BBFE-AC5EC2DE456D,,ITA,12500,Washington,,US        ,FALSE,FALSE,USA       ,1,5300 Star Boulevard
United Kingdom,Ferrari,Testarossa,156000,3950,3150,1950,Black,195000,,GBPGB054,2016-07-25 10:00:00,TRUE,2016-07-05 12:00:00,Mrs. Ivana Telford,60,B36188E4-3684-4337-91FE-84BB33736476,,ITA,195000,Liverpool,L2 9RT,GB        ,FALSE,FALSE,GBR       ,1,"52, Gerrard Mansions"
United Kingdom,Ferrari,355,164000,9250,750,1950,Black,205000,,GBPGB055,2016-07-25 12:00:00,TRUE,2016-07-07 12:00:00,Alexei Tolstoi,61,66C9034C-23A3-44F1-B946-2DDA65E684D8,,ITA,205000,London,N4 2CV,GB        ,FALSE,FALSE,GBR       ,1,"83, Abbey Road"
United Kingdom,Porsche,959,53200,1490,750,750,Black,66500,,GBPGB056,2016-07-25 12:00:00,TRUE,2016-07-08 12:00:00,Convertible Dreams,62,E00D10E9-7F7F-49A9-BDC0-4C2611580B4E,,GER,66500,London,SW2 6PL,GB        ,TRUE,FALSE,GBR       ,1,"31, Archbishop Ave"
United Kingdom,Porsche,928,15600,1360,750,150,Night Blue,19500,,GBPGB057,2016-07-25 12:00:00,TRUE,2016-07-09 12:00:00,Kieran O'Harris,63,AAF61ECC-0BAC-4EAF-9E50-01749253329A,,GER,19500,Liverpool,L7 6OP,GB        ,FALSE,FALSE,GBR       ,1,"71, Askwith Ave"
Spain,Bentley,Flying Spur,63600,2000,1500,750,Blue,79500,500,EURES058,2016-07-26 12:00:00,TRUE,2016-07-25 12:00:00,Prestige Imports,64,A1A4180E-B929-467D-91A6-73D2D0F34C65,,GBR,79500,Barcelona,8120,ES        ,TRUE,FALSE,ESP       ,1,Gran Via 26
Italy,Triumph,TR4,11672,500,750,150,Silver,14590,,EURIT059,2016-07-26 10:00:00,TRUE,2016-07-25 12:00:00,Prestissimo!,65,B5E7DD25-9D69-464C-9327-A8C5E706F534,,GBR,14590,Milan,,IT        ,TRUE,FALSE,ITA       ,1,Via Appia 239
Spain,Triumph,TR5,10200,970,750,150,Blue,12750,,EURES060,2016-08-02 12:00:00,TRUE,2016-07-25 12:00:00,Prestige Imports,66,0B0E0FC2-E72B-4BD4-9C46-1AF98F17BEC4,,GBR,12750,Barcelona,8120,ES        ,TRUE,FALSE,ESP       ,1,Gran Via 26
United Kingdom,Aston Martin,DB6,180000,5500,3150,1950,Black,225000,,GBPGB137,2017-03-31 04:08:00,TRUE,2016-07-25 12:00:00,Liverpool Executive Prestige Vehicles,150,7F08368D-B6EA-4DFC-A1EC-B1A1B0221F04,,GBR,225000,Liverpool,L2 2RD,GB        ,TRUE,FALSE,GBR       ,1,"8, Everton Avenue"
United Kingdom,Aston Martin,DB9,36480,500,500,550,DARK PURPLE,45600,,GBPGB061,2016-08-02 12:00:00,TRUE,2016-07-31 12:00:00,Stan Collywobble,67,356EE84B-F4FD-4923-9423-D58E2863E9A1,,GBR,45600,Manchester,M1 5HJ,GB        ,FALSE,TRUE,GBR       ,1,"65, Townsend Road"
United Kingdom,Triumph,TR6,5200,500,750,150,Black,6500,500,GBPGB062,2016-08-02 12:00:00,TRUE,2016-07-31 12:00:00,Silver HubCaps,68,92D7DE8E-0BA7-4221-B2B1-A01F7FAFDD3E,,GBR,6500,Manchester,M1 7TH,GB        ,TRUE,FALSE,GBR       ,1,"54, Didsbury Lane"
United Kingdom,Aston Martin,Virage,82000,2175,1500,750,Pink,102500,1500,GBPGB063,2016-08-02 12:00:00,TRUE,2016-07-31 12:00:00,Alexei Tolstoi,69,5BE0098D-511F-4CF1-B87C-2CE2532F1B31,,GBR,102500,London,N4 2CV,GB        ,FALSE,FALSE,GBR       ,1,"83, Abbey Road"
France,Jaguar,XK120,79600,2000,750,750,Canary Yellow,99500,,EURFR064,2016-08-09 12:00:00,TRUE,2016-08-03 12:00:00,SuperSport S.A.R.L.,70,BDC5E621-D976-478D-A620-A0751FCBEF96,,GBR,99500,Paris,,FR        ,TRUE,TRUE,FRA       ,1,210 Place de la Republique
United Kingdom,Aston Martin,Vanquish,10000,500,750,150,Dark Purple,12500,750,GBPGB065,2016-08-10 12:00:00,TRUE,2016-08-03 12:00:00,Convertible Dreams,71,72EF5AA5-997C-4AC0-A32E-591D1E009818,,GBR,12500,London,SW2 6PL,GB        ,TRUE,FALSE,GBR       ,1,"31, Archbishop Ave"
Germany,Aston Martin,Rapide,49200,1360,750,550,Red,61500,,EURDE066,2016-08-12 10:00:00,TRUE,2016-08-10 12:00:00,WunderKar,72,4BFD3782-0B79-4F4E-981A-96CEF827497F,,GBR,61500,Berlin,,DE        ,TRUE,FALSE,DEU       ,1,AlexanderPlatz 205
Switzerland,Aston Martin,DB9,63600,1490,750,750,Red,79500,2450,GBPCH067,2016-08-13 12:00:00,TRUE,2016-08-10 12:00:00,Le Luxe en Motion,73,E6E23C74-39AF-4A44-BAAE-7CD48B0F6161,,GBR,79500,Geneva,CH-1201,CH        ,TRUE,TRUE,CHF       ,1,"Avenue des Indes, 26"
United Kingdom,Porsche,924,13200,500,750,150,British Racing Green,16500,,GBPGB068,2016-08-13 12:00:00,TRUE,2016-08-10 12:00:00,Peter McLuckie,74,420701D6-5F66-4885-8A72-8B54541965A6,,GER,50100,London,W10 BN,GB        ,FALSE,FALSE,GBR       ,1,"73, Entwhistle Street"
United Kingdom,Porsche,911,26880,500,500,550,Black,33600,,GBPGB068,2016-08-13 12:00:00,TRUE,2016-08-10 12:00:00,Peter McLuckie,75,870C2B0A-A6AE-4F84-91EF-806C985A02E5,,GER,50100,London,W10 BN,GB        ,FALSE,FALSE,GBR       ,2,"73, Entwhistle Street"
France,Porsche,911,53200,2175,1500,750,British Racing Green,66500,750,EURFR069,2016-08-13 12:00:00,TRUE,2016-08-10 12:00:00,Casseroles Chromes,76,6BF8C577-E615-4667-A48C-25E8D825AAC6,,GER,66500,Lyon,,FR        ,TRUE,FALSE,FRA       ,1,"29, Rue Gigondas"
Italy,Aston Martin,DB5,36000,500,150,550,Red,45000,,EURIT070,2016-08-19 12:00:00,TRUE,2016-08-11 12:00:00,Prestissimo!,77,98C3863B-7A70-4FAD-B3C7-2B5702956E18,,GBR,45000,Milan,,IT        ,TRUE,FALSE,ITA       ,1,Via Appia 239
Germany,Porsche,944,15600,500,750,150,Night Blue,19500,,EURDE071,2016-08-19 12:00:00,TRUE,2016-08-11 12:00:00,Glitz,78,8C1E8506-711C-442A-89A4-EDA28EB5B788,,GER,19500,Stuttgart,,DE        ,TRUE,FALSE,DEU       ,1,FriedrichStrasse 579
United Kingdom,Bentley,Flying Spur,61200,2000,750,750,Pink,76500,,GBPGB072,2016-08-21 12:00:00,TRUE,2016-08-20 12:00:00,Silver HubCaps,79,BC4D491E-764B-48AE-BEDC-07DE123B7200,,GBR,76500,Manchester,M1 7TH,GB        ,TRUE,FALSE,GBR       ,1,"54, Didsbury Lane"
United Kingdom,Aston Martin,Virage,36720,500,500,550,Red,45900,500,GBPGB073,2016-08-22 08:00:00,FALSE,2016-08-20 12:00:00,Convertible Dreams,80,4C00023A-47C5-4F98-A9B1-F222EDE2F563,,GBR,45900,London,SW2 6PL,GB        ,TRUE,FALSE,GBR       ,1,"31, Archbishop Ave"
Belgium,Aston Martin,Vantage,100000,500,2200,750,Green,125000,1500,EURBE074,2016-08-23 12:00:00,TRUE,2016-08-22 12:00:00,Diplomatic Cars,81,170FAF32-4223-4806-B483-D89F4D38AC16,,GBR,125000,Brussels,,BE        ,TRUE,FALSE,BEL       ,1,"Rue Des Coteaux, 39"
France,Aston Martin,Vanquish,52400,500,750,750,Green,65500,,EURFR075,2016-08-24 12:00:00,TRUE,2016-08-22 12:00:00,Laurent Saint Yves,82,9CFAF367-ED4B-4A3E-8CB2-394F1F7A58C1,,GBR,65500,Marseille,,FR        ,FALSE,FALSE,FRA       ,1,"49, Rue Quicampoix"
United States,Bentley,Flying Spur,73720,2175,225,750,Blue,92150,,USDUS076,2016-08-25 12:00:00,TRUE,2016-08-22 12:00:00,Screamin' Wheels,83,126C36BB-9C33-4BC5-9127-F941731DD0C8,,GBR,92150,Los Angeles,,US        ,TRUE,FALSE,USA       ,1,1090 Reagan Road
United Kingdom,Porsche,928,7600,500,750,150,Black,9500,,GBPGB077,2016-08-28 12:00:00,TRUE,2016-08-25 12:00:00,Screamin' Wheels,84,98B3C1C2-7AE2-4A88-A3C9-484483C6EC66,,GER,9500,London,SE1 5RU,GB        ,TRUE,FALSE,GBR       ,1,"4, Churchill Close"
Italy,Triumph,TR6,7960,500,225,150,Blue,9950,,EURIT078,2016-08-28 12:00:00,TRUE,2016-08-25 12:00:00,Prestissimo!,85,4A40B2AA-A76B-4C08-A59B-19CDE0ED868C,,GBR,9950,Milan,,IT        ,TRUE,FALSE,ITA       ,1,Via Appia 239
United Kingdom,Triumph,TR5,4544,500,150,150,Canary Yellow,5680,500,GBPGB079,2016-08-29 12:00:00,TRUE,2016-08-26 12:00:00,King Leer Cars,86,100EE806-DFE5-4C5E-9AB4-8F881615F8BD,,GBR,5680,Newcastle,NE1 4OX,GB        ,TRUE,FALSE,GBR       ,1,"87, Lindisfarne Road"
Switzerland,Triumph,TR7,15600,2000,750,150,Black,19500,,GBPCH080,2016-08-30 12:00:00,TRUE,2016-08-28 12:00:00,Matterhorn Motors,87,00DDC5C0-E266-49E4-A785-E4F8BC3C9B24,,GBR,19500,Lausanne,,CH        ,TRUE,FALSE,CHF       ,1,"1, Rue de la Colline"
United Kingdom,Triumph,GT6,2800,500,750,150,Black,3500,,GBPGB081,2016-09-04 12:00:00,TRUE,2016-09-01 12:00:00,Alexei Tolstoi,88,97AFC7D5-91BF-47E3-8568-01B704E956C2,,GBR,3500,London,N4 2CV,GB        ,FALSE,FALSE,GBR       ,1,"83, Abbey Road"
Switzerland,Triumph,TR7,3160,500,150,150,Black,3950,,GBPCH082,2016-09-04 12:00:00,TRUE,2016-09-01 12:00:00,Le Luxe en Motion,89,6A2699A6-ED27-42A9-B811-06D19EB5FA3C,,GBR,3950,Geneva,CH-1201,CH        ,TRUE,TRUE,CHF       ,1,"Avenue des Indes, 26"
United Kingdom,Porsche,911,16760,1360,750,150,British Racing Green,20950,750,GBPGB083,2016-09-04 12:00:00,TRUE,2016-09-03 12:00:00,Posh Vehicles Ltd,90,70C9BE5C-3CCA-4FB2-B4DE-E5F0A61BB84D,,GER,20950,Manchester,M4 5SD,GB        ,TRUE,FALSE,GBR       ,1,"82, Millar Close"
United Kingdom,Porsche,944,6000,500,750,150,British Racing Green,7500,75,GBPGB084,2016-09-06 12:00:00,TRUE,2016-09-05 12:00:00,Birmingham Executive Prestige Vehicles,91,B76D6985-E106-4213-AACC-288088795C92,,GER,7500,Birmingham,B2 8UH,GB        ,TRUE,FALSE,GBR       ,1,"96, Aardvark Avenue"
United Kingdom,Aston Martin,Virage,45200,500,1500,550,Dark Purple,56500,1500,GBPGB085,2016-09-07 12:00:00,TRUE,2016-09-05 12:00:00,Snazzy Roadsters,92,955E8BC5-C31B-4EE5-A48D-76517063C334,,GBR,56500,Birmingham,B3 5ST,GB        ,TRUE,TRUE,GBR       ,1,"102, Bleak Street"
United Kingdom,Aston Martin,Vantage,39600,660,500,550,British Racing Green,49500,750,GBPGB086,2016-09-07 12:00:00,TRUE,2016-09-06 12:00:00,Stan Collywobble,93,2FCD3EBC-CBA7-4B3C-B6A0-A3A011D3A47B,,GBR,49500,Manchester,M1 5HJ,GB        ,FALSE,TRUE,GBR       ,1,"65, Townsend Road"
Spain,Porsche,911,55120,500,750,750,Dark Purple,68900,,EURES087,2016-09-11 12:00:00,TRUE,2016-09-09 12:00:00,Prestige Imports,94,155E940E-7AA7-47EA-B83F-B3521F0B5718,,GER,68900,Barcelona,8120,ES        ,TRUE,FALSE,ESP       ,1,Gran Via 26
United Kingdom,Aston Martin,Vanquish,44000,500,150,550,Silver,55000,,GBPGB088,2016-09-11 12:00:00,TRUE,2016-09-10 12:00:00,Magic Motors,95,B25CB659-C0A2-451E-AADB-7A006414D6E1,,GBR,55000,Birmingham,B1 7AZ,GB        ,TRUE,FALSE,GBR       ,1,"27, Handsworth Road"
France,Jaguar,XJ12,2860,500,750,150,Silver,3575,,EURFR089,2016-09-14 12:00:00,TRUE,2016-09-11 12:00:00,M. Pierre Dubois,96,19D1000C-178F-4BBA-9B19-C93804D047AC,,GBR,3575,Marseille,,FR        ,FALSE,FALSE,FRA       ,1,"14, Rue De La Hutte"
United Kingdom,Jaguar,XJ12,28200,500,750,550,British Racing Green,35250,,GBPGB090,2016-09-14 12:00:00,TRUE,2016-09-11 12:00:00,Glittering Prize Cars Ltd,97,DD6A0129-40CF-449F-8427-1C97BF14B2BD,,GBR,35250,London,E17 9IK,GB        ,TRUE,FALSE,GBR       ,1,"46, Golders Green Road"
France,Jaguar,XK120,15680,1360,150,150,Night Blue,19600,1250,EURFR091,2016-09-16 12:00:00,TRUE,2016-09-15 12:00:00,La Bagnole de Luxe,98,66D70810-1EE2-4BCA-B1B4-1E5B86C75002,,GBR,47490,Paris,,FR        ,TRUE,FALSE,FRA       ,1,890 Place de la Concorde
France,Jaguar,XK120,22312,970,500,150,Black,27890,,EURFR091,2016-09-16 12:00:00,TRUE,2016-09-15 12:00:00,La Bagnole de Luxe,99,384778FF-C28D-4FE6-9BEF-D787EFDC23CF,,GBR,47490,Paris,,FR        ,TRUE,FALSE,FRA       ,2,890 Place de la Concorde
United Kingdom,Porsche,911,36760,970,750,550,Night Blue,45950,,GBPGB092,2016-09-16 12:00:00,TRUE,2016-09-16 12:00:00,Alexei Tolstoi,100,B760CF74-6468-4A0D-9485-36C7F7710EB0,,GER,45950,London,N4 2CV,GB        ,FALSE,FALSE,GBR       ,1,"83, Abbey Road"
United Kingdom,Porsche,924,7960,500,150,150,Black,9950,,GBPGB093,2016-09-18 12:00:00,TRUE,2016-09-17 12:00:00,King Leer Cars,101,E1350CBE-B916-4F18-B5BF-F7D53A31205A,,GER,9950,Newcastle,NE1 4OX,GB        ,TRUE,FALSE,GBR       ,1,"87, Lindisfarne Road"
United Kingdom,Triumph,TR5,5240,500,750,150,Black,6550,750,GBPGB094,2016-09-19 12:00:00,TRUE,2016-09-18 12:00:00,Honest Pete Motors,102,9D74A1A9-7342-4FEA-9C21-6AC4EFE92018,,GBR,163050,Stoke,ST3 9XY,GB        ,TRUE,FALSE,GBR       ,1,"76, Williams Street"
Belgium,Triumph,TR6,10000,500,750,150,Red,12500,750,EURBE125,2017-02-12 04:02:00,TRUE,2016-10-01 12:00:00,Diplomatic Cars,138,6943ADF3-01A4-4281-B0CE-93384FE60418,,GBR,12500,Brussels,,BE        ,TRUE,FALSE,BEL       ,1,"Rue Des Coteaux, 39"
United Kingdom,Bentley,Arnage,61200,2175,750,750,Canary Yellow,76500,1500,GBPGB095,2016-10-05 12:00:00,TRUE,2016-10-01 12:00:00,Stan Collywobble,104,BB4B9483-7AE3-47B4-A788-7EB5D12A7516,,GBR,76500,Manchester,M1 5HJ,GB        ,FALSE,TRUE,GBR       ,1,"65, Townsend Road"
France,Bentley,Brooklands,151600,500,1500,1950,Blue,189500,1500,EURFR227,2018-02-17 12:00:00,TRUE,2016-10-03 12:00:00,Capots Reluisants S.A.,247,2319EA77-F4D9-4E34-9771-C42DCA3E210C,,GBR,189500,Paris,,FR        ,TRUE,FALSE,FRA       ,1,567 rue Lafayette
Spain,Rolls Royce,Phantom,95680,1490,2200,750,Green,119600,,EURES096,2016-10-05 10:00:00,FALSE,2016-10-03 12:00:00,Prestige Imports,105,6120D922-6703-4267-969B-A9A9D3CAE787,,GBR,119600,Barcelona,8120,ES        ,TRUE,FALSE,ESP       ,1,Gran Via 26
United Kingdom,Bentley,Arnage,68520,2175,750,750,Silver,85650,2450,GBPGB097,2016-10-30 12:00:00,FALSE,2016-10-10 12:00:00,Executive Motor Delight,106,30DC26F7-E98B-4FE8-B834-D625EC7E12F3,,GBR,95600,London,SE17 6AD,GB        ,TRUE,FALSE,GBR       ,1,"17, The Brambles"
United Kingdom,Triumph,TR7,7960,500,750,150,Black,9950,,GBPGB097,2016-10-30 12:00:00,TRUE,2016-10-29 12:00:00,Executive Motor Delight,107,34A69512-CDC3-4BEB-ADCB-AAE360CA7CF4,,GBR,95600,London,SE17 6AD,GB        ,TRUE,FALSE,GBR       ,2,"17, The Brambles"
Spain,Triumph,TR6,10000,500,750,150,Black,12500,,EURES098,2016-10-30 12:00:00,TRUE,2016-10-29 12:00:00,Alicia Almodovar,108,3EDC8773-9603-4D38-9DC9-64E1C4768F7D,,GBR,12500,Barcelona,8400,ES        ,FALSE,FALSE,ESP       ,1,Palacia Del Sol
Italy,Aston Martin,DB4,10000,500,750,150,Black,12500,750,EURIT099,2016-10-30 12:00:00,TRUE,2016-10-29 12:00:00,Ronaldo Bianco,109,9FF62C70-89E4-4815-912F-C5DFBF8BDF0F,,GBR,12500,Milan,,IT        ,FALSE,FALSE,ITA       ,1,Palazzo Medusa 2000
United Kingdom,Aston Martin,DB5,45512,2000,750,550,Silver,56890,2450,GBPGB100,2016-11-03 12:00:00,TRUE,2016-11-01 12:00:00,Birmingham Executive Prestige Vehicles,110,EC25FA02-2692-42E1-85A0-71F0775C8F8A,,GBR,56890,Birmingham,B2 8UH,GB        ,TRUE,FALSE,GBR       ,1,"96, Aardvark Avenue"
United Kingdom,Aston Martin,DB6,44000,660,500,550,Silver,55000,2450,GBPGB101,2016-11-04 12:00:00,TRUE,2016-11-01 12:00:00,Glittering Prize Cars Ltd,111,E368D03E-239C-499F-A41A-CC4D2AE1AFF8,,GBR,55000,London,E17 9IK,GB        ,TRUE,FALSE,GBR       ,1,"46, Golders Green Road"
United Kingdom,Triumph,TR6,7992,500,750,150,Black,9990,,GBPGB102,2016-12-02 12:00:00,FALSE,2016-11-11 12:00:00,Honest Pete Motors,112,4C1762AE-F7FD-4F2C-875B-CAC022B0DF63,,GBR,191490,Stoke,ST3 9XY,GB        ,TRUE,FALSE,GBR       ,1,"76, Williams Street"
United Kingdom,Aston Martin,DB9,37200,2000,750,550,British Racing Green,46500,,GBPGB102,2016-12-02 12:00:00,TRUE,2016-11-11 12:00:00,Honest Pete Motors,113,DB8869B2-1EC0-48D5-9DA6-FDF1665155F0,,GBR,191490,Stoke,ST3 9XY,GB        ,TRUE,FALSE,GBR       ,2,"76, Williams Street"
United Kingdom,Triumph,TR7,7600,500,750,150,Black,9500,,GBPGB102,2016-12-02 12:00:00,TRUE,2016-11-11 12:00:00,Honest Pete Motors,114,DD651733-FE5C-46B9-AC97-727F8CD170A6,,GBR,191490,Stoke,ST3 9XY,GB        ,TRUE,FALSE,GBR       ,3,"76, Williams Street"
United Kingdom,Aston Martin,Virage,100400,3950,1500,1950,Red,125500,,GBPGB102,2016-12-02 12:00:00,TRUE,2016-12-01 12:00:00,Honest Pete Motors,115,F810FAB0-6BAE-4AC0-BDBC-F14A71AC35B9,,GBR,191490,Stoke,ST3 9XY,GB        ,TRUE,FALSE,GBR       ,4,"76, Williams Street"
Italy,Rolls Royce,Phantom,79600,1490,750,750,Dark Purple,99500,5000,EURIT103,2016-12-06 12:00:00,TRUE,2016-12-01 12:00:00,Prestissimo!,116,3CF2C0F8-21E1-4ADE-AE72-AB9DFE3790DD,,GBR,99500,Milan,,IT        ,TRUE,FALSE,ITA       ,1,Via Appia 239
France,Rolls Royce,Ghost,48400,500,1500,550,Night Blue,60500,,EURFR104,2016-12-06 12:00:00,TRUE,2016-12-05 12:00:00,La Bagnole de Luxe,117,A017241D-3A92-4EA7-A3EE-22FC119542F8,,GBR,60500,Paris,,FR        ,TRUE,FALSE,FRA       ,1,890 Place de la Concorde
United Kingdom,Lamborghini,Countach,98800,2000,750,750,Black,123500,5000,GBPGB105,2016-12-06 12:00:00,FALSE,2016-12-05 12:00:00,Convertible Dreams,118,4537B83B-2444-4389-B2DE-F30E15608163,,ITA,123500,London,SW2 6PL,GB        ,TRUE,FALSE,GBR       ,1,"31, Archbishop Ave"
Germany,Lamborghini,Diabolo,20000,1360,750,150,Night Blue,25000,,EURDE106,2016-12-08 12:00:00,TRUE,2016-12-07 12:00:00,Glitz,119,7CEA62B1-9CBE-4E13-BECC-54E7EED128EF,,ITA,25000,Stuttgart,,DE        ,TRUE,FALSE,DEU       ,1,FriedrichStrasse 579
France,Lamborghini,Diabolo,135600,9250,1500,1950,British Racing Green,169500,,EURFR107,2016-12-20 12:00:00,TRUE,2016-12-07 12:00:00,Vive La Vitesse,120,102A734C-3212-4708-85A5-A96FE8E14641,,ITA,169500,Marseille,,FR        ,TRUE,FALSE,FRA       ,1,"56, Rue Noiratre"
United Kingdom,Bentley,Brooklands,79600,2175,750,750,Black,99500,,GBPGB108,2016-12-28 12:00:00,TRUE,2016-12-25 12:00:00,Liverpool Executive Prestige Vehicles,121,9B8B87E1-7770-4136-8EB4-B7173C8783A6,,GBR,99500,Liverpool,L2 2RD,GB        ,TRUE,FALSE,GBR       ,1,"8, Everton Avenue"
Spain,Porsche,959,31600,500,500,550,Canary Yellow,39500,,EURES109,2016-12-31 10:00:00,TRUE,2016-12-30 12:00:00,Alicia Almodovar,122,C0E2E06D-AE60-4223-9E7C-B8387F2A4335,,GER,39500,Barcelona,8400,ES        ,FALSE,FALSE,ESP       ,1,Palacia Del Sol
France,Porsche,Boxster,18000,1360,750,150,Pink,22500,,EURFR110,2017-01-01 11:12:00,TRUE,2016-12-31 12:00:00,Vive La Vitesse,123,3EEC687A-759C-4D8A-8776-E257E8230376,,GER,22500,Marseille,,FR        ,TRUE,FALSE,FRA       ,1,"56, Rue Noiratre"
United Kingdom,Aston Martin,Virage,100000,500,1500,750,Green,125000,,GBPGB111,2017-01-05 11:55:00,TRUE,2016-12-31 12:00:00,Peter Smith,124,09FA3947-726D-4987-B9DD-2F4CF7CD7C45,,GBR,125000,Birmingham,B5 5SD,GB        ,FALSE,FALSE,GBR       ,1,"82, Ell Pie Lane"
United Kingdom,Rolls Royce,Silver Shadow,68000,1490,1500,750,Black,85000,,GBPGB112,2017-01-10 03:56:00,TRUE,2016-12-31 12:00:00,Eat My Exhaust Ltd,125,52CE8210-53B8-4C09-B821-6389A09733C5,,GBR,85000,Liverpool,L1 8UY,GB        ,TRUE,FALSE,GBR       ,1,"29, Kop Hill"
France,Peugeot,203,1000,500,750,150,Silver,1250,,EURFR113,2017-01-21 01:56:00,TRUE,2017-01-02 12:00:00,La Bagnole de Luxe,126,DE44149E-1225-4B7C-97E5-8089A4F21C1C,,GER,1250,Paris,,FR        ,TRUE,FALSE,FRA       ,1,890 Place de la Concorde
Switzerland,Mercedes,280SL,18000,500,750,150,Silver,22500,,GBPCH114,2017-01-11 05:52:00,TRUE,2017-01-02 12:00:00,Le Luxe en Motion,127,CF9A23D7-6F8A-4CA6-A037-95EA7385B539,,GER,22500,Geneva,CH-1201,CH        ,TRUE,TRUE,CHF       ,1,"Avenue des Indes, 26"
United Kingdom,Ferrari,355,100760,9250,2200,1950,Black,125950,12500,GBPGB115,2017-01-12 06:57:00,FALSE,2017-01-02 12:00:00,Magic Motors,128,98299E86-0B98-42D8-A549-37D89435B4E3,,ITA,125950,Birmingham,B1 7AZ,GB        ,TRUE,FALSE,GBR       ,1,"27, Handsworth Road"
Switzerland,Triumph,TR7,7080,500,750,150,Black,8850,,GBPCH116,2017-01-13 07:58:00,TRUE,2017-01-02 12:00:00,Le Luxe en Motion,129,DD8D9340-29B0-4E0D-89B3-BD33B70E087D,,GBR,8850,Geneva,CH-1201,CH        ,TRUE,TRUE,CHF       ,1,"Avenue des Indes, 26"
United Kingdom,Triumph,TR5,7960,500,750,150,Pink,9950,,GBPGB117,2017-01-14 09:58:00,TRUE,2017-01-02 12:00:00,Posh Vehicles Ltd,130,BBDFB7CF-FBA6-4463-BC1E-FE79522431EE,,GBR,9950,Manchester,M4 5SD,GB        ,TRUE,FALSE,GBR       ,1,"82, Millar Close"
France,Aston Martin,Vanquish,45200,500,750,550,Black,56500,2450,EURFR118,2017-01-30 10:59:00,TRUE,2017-01-20 12:00:00,Vive La Vitesse,131,47077B33-09BC-4FF2-B71B-58E243952BAA,,GBR,56500,Marseille,,FR        ,TRUE,FALSE,FRA       ,1,"56, Rue Noiratre"
United Kingdom,Aston Martin,Rapide,44000,500,750,550,Black,55000,,GBPGB119,2017-01-31 09:59:00,TRUE,2017-01-21 12:00:00,Screamin' Wheels,132,A48E5430-ACA4-41FD-BC6F-446BE2B46DF8,,GBR,55000,London,SE1 5RU,GB        ,TRUE,FALSE,GBR       ,1,"4, Churchill Close"
United Kingdom,Aston Martin,Vanquish,45560,1360,750,550,Night Blue,56950,750,GBPGB120,2017-01-31 12:00:00,TRUE,2017-01-25 12:00:00,Honest Pete Motors,133,E869D5E4-CAC0-48ED-8961-03D0405EA2FD,,GBR,56950,Stoke,ST3 9XY,GB        ,TRUE,FALSE,GBR       ,1,"76, Williams Street"
France,Ferrari,Enzo,292000,3950,750,1950,Black,365000,,EURFR121,2017-02-07 08:00:00,TRUE,2017-02-01 12:00:00,Vive La Vitesse,134,74DD8FE1-B205-4400-A951-1E54E7C22E40,,ITA,365000,Marseille,,FR        ,TRUE,FALSE,FRA       ,1,"56, Rue Noiratre"
France,Ferrari,Enzo,316000,9250,2200,1950,British Racing Green,395000,,EURFR122,2017-02-08 01:01:00,TRUE,2017-02-03 12:00:00,Laurent Saint Yves,135,7392B5F6-783C-4D4B-B687-74A98411A7CB,,ITA,395000,Marseille,,FR        ,FALSE,FALSE,FRA       ,1,"49, Rue Quicampoix"
United States,Alfa Romeo,Giulietta,17200,500,500,150,Dark Purple,21500,,USDUS123,2017-02-09 05:01:00,TRUE,2017-02-04 12:00:00,Screamin' Wheels,136,01B087C6-00D1-40B2-808F-B4B5BC1E344D,,ITA,21500,Los Angeles,,US        ,TRUE,FALSE,USA       ,1,1090 Reagan Road
United Kingdom,Austin,Lichfield,5200,500,750,150,Pink,6500,,GBPGB124,2017-02-10 11:02:00,TRUE,2017-02-05 12:00:00,Screamin' Wheels,137,11BCE306-33ED-4C8D-9198-2A4B653D9F8A,,GBR,6500,London,SE1 5RU,GB        ,TRUE,FALSE,GBR       ,1,"4, Churchill Close"
United Kingdom,Austin,Princess,1800,500,750,150,Canary Yellow,2250,,GBPGB126,2017-02-14 02:03:00,TRUE,2017-02-05 12:00:00,Magic Motors,139,A08FCF25-5B27-4215-BF50-E94D0F7C8CD6,,GBR,2250,Birmingham,B1 7AZ,GB        ,TRUE,FALSE,GBR       ,1,"27, Handsworth Road"
United Kingdom,Peugeot,404,2800,500,750,150,Blue,3500,,GBPGB127,2017-03-05 06:03:00,TRUE,2017-02-28 12:00:00,London Executive Prestige Vehicles,140,8F100F91-FE3C-4338-AA52-7BF61A540199,,GER,3500,London,NW1 0AK,GB        ,TRUE,TRUE,GBR       ,1,"199, Park Lane"
United Kingdom,Triumph,TR7,4544,500,750,150,Blue,5680,750,GBPGB128,2017-03-05 07:04:00,TRUE,2017-02-28 12:00:00,Glittering Prize Cars Ltd,141,84BE4607-F8D7-49DA-8C27-D87FE529DF96,,GBR,5680,London,E17 9IK,GB        ,TRUE,FALSE,GBR       ,1,"46, Golders Green Road"
France,Triumph,TR5,6840,500,750,150,Black,8550,,EURFR129,2017-03-05 02:04:00,TRUE,2017-02-28 12:00:00,SuperSport S.A.R.L.,142,EB59DB36-5E67-4AF1-AE8A-46E8999EEF45,,GBR,8550,Paris,,FR        ,TRUE,TRUE,FRA       ,1,210 Place de la Republique
United Kingdom,Lagonda,V12,125200,2000,1500,1950,Blue,156500,10000,GBPGB130,2017-03-10 08:05:00,TRUE,2017-03-08 12:00:00,Honest Pete Motors,143,7372D1C7-800F-4DE4-B3BC-FFA46CE77099,,ITA,156500,Stoke,ST3 9XY,GB        ,TRUE,FALSE,GBR       ,1,"76, Williams Street"
United Kingdom,Aston Martin,DB9,45200,660,750,550,Silver,56500,,GBPGB131,2017-03-10 04:05:00,FALSE,2017-03-08 12:00:00,King Leer Cars,144,E267042F-449B-4CA9-8BDE-5C197DC8A647,,GBR,56500,Newcastle,NE1 4OX,GB        ,TRUE,FALSE,GBR       ,1,"87, Lindisfarne Road"
Belgium,Aston Martin,Rapide,69200,2000,1500,750,Silver,86500,1250,EURBE132,2017-03-12 05:06:00,TRUE,2017-03-08 12:00:00,Diplomatic Cars,145,2C377634-90F1-4BC1-A366-0F0EBD26910D,,GBR,86500,Brussels,,BE        ,TRUE,FALSE,BEL       ,1,"Rue Des Coteaux, 39"
United Kingdom,Aston Martin,Vantage,53200,2175,1500,750,Black,66500,,GBPGB133,2017-03-12 08:06:00,FALSE,2017-03-08 12:00:00,Magic Motors,146,49D19AE8-FBBF-496C-BC1E-9450544DD193,,GBR,66500,Birmingham,B1 7AZ,GB        ,TRUE,FALSE,GBR       ,1,"27, Handsworth Road"
France,Porsche,959,44480,660,750,550,Green,55600,,EURFR134,2017-03-25 10:07:00,TRUE,2017-03-12 12:00:00,Casseroles Chromes,147,0B3AEBF5-0997-447D-B0E8-B399B7343742,,GER,55600,Lyon,,FR        ,TRUE,FALSE,FRA       ,1,"29, Rue Gigondas"
Germany,Lamborghini,Jarama,244000,3950,3150,1950,Green,305000,,EURDE135,2017-03-30 01:07:00,FALSE,2017-03-12 12:00:00,Glitz,148,643800B3-AD63-4B67-8ACF-672B91F04C57,,ITA,305000,Stuttgart,,DE        ,TRUE,FALSE,DEU       ,1,FriedrichStrasse 579
United Kingdom,Aston Martin,DB5,34360,970,750,550,Night Blue,42950,,GBPGB138,2017-03-31 06:09:00,TRUE,2017-03-29 12:00:00,Screamin' Wheels,151,0588AA57-B6B5-47F5-910F-5A1099B0476D,,GBR,42950,London,SE1 5RU,GB        ,TRUE,FALSE,GBR       ,1,"4, Churchill Close"
United Kingdom,Citroen,Rosalie,792,500,150,150,British Racing Green,990,,GBPGB139,2017-03-31 02:09:00,FALSE,2017-03-30 12:00:00,Kieran O'Harris,152,32C41EC9-CB3C-4D0F-9C85-2500CE2E4813,,FRA,990,Liverpool,L7 6OP,GB        ,FALSE,FALSE,GBR       ,1,"71, Askwith Ave"
Spain,Delahaye,145,23600,970,750,150,Black,29500,1500,EURES140,2017-04-05 08:10:00,TRUE,2017-04-01 12:00:00,Prestige Imports,153,1909CD9B-9C06-4CFB-B8AD-292967E55E2F,,FRA,29500,Barcelona,8120,ES        ,TRUE,FALSE,ESP       ,1,Gran Via 26
France,Rolls Royce,Silver Seraph,111600,9250,2200,1950,British Racing Green,139500,,EURFR141,2017-04-06 07:10:00,TRUE,2017-04-01 12:00:00,Laurent Saint Yves,154,1B77D0BA-45C9-4C76-952E-B2FA2859B7AB,,GBR,139500,Marseille,,FR        ,FALSE,FALSE,FRA       ,1,"49, Rue Quicampoix"
United Kingdom,Bugatti,57C,236000,5500,750,1950,Black,295000,,GBPGB142,2017-04-07 12:11:00,TRUE,2017-04-01 12:00:00,Honest Pete Motors,155,CD06C0DF-D3A2-4593-BF40-7DAE6B73F58C,,FRA,295000,Stoke,ST3 9XY,GB        ,TRUE,FALSE,GBR       ,1,"76, Williams Street"
France,Bugatti,Veyron,176400,9250,2200,1950,Red,220500,,EURFR143,2017-04-07 12:11:00,TRUE,2017-04-05 12:00:00,Vive La Vitesse,156,08B3555E-47A2-4365-AED8-2DF054FF73E2,,FRA,220500,Marseille,,FR        ,TRUE,FALSE,FRA       ,1,"56, Rue Noiratre"
United Kingdom,Rolls Royce,Phantom,63600,500,750,750,Red,79500,1500,GBPGB144,2017-05-01 05:12:00,TRUE,2017-04-30 12:00:00,Liverpool Executive Prestige Vehicles,157,C1A812F1-5FA1-48BA-8787-16F2F0A704BC,,GBR,79500,Liverpool,L2 2RD,GB        ,TRUE,FALSE,GBR       ,1,"8, Everton Avenue"
United Kingdom,Rolls Royce,Wraith,130000,3950,3150,1950,Red,162500,,GBPGB145,2017-05-01 10:12:00,TRUE,2017-04-30 12:00:00,Peter Smith,158,05AB94D5-2F8D-4B06-878D-615956C94EC2,,GBR,162500,Birmingham,B5 5SD,GB        ,FALSE,FALSE,GBR       ,1,"82, Ell Pie Lane"
Italy,Jaguar,XK150,63600,2175,750,750,Black,79500,,EURIT146,2017-05-09 06:13:00,FALSE,2017-05-01 12:00:00,Sport.Car,159,B607E8E1-5ECA-4DE2-BC46-909DBF9371D3,,GBR,79500,Rome,120,IT        ,TRUE,FALSE,ITA       ,1,Via Barberini 59
Spain,Citroen,Torpedo,52712,500,750,750,Blue,65890,,EURES147,2017-05-09 12:13:00,TRUE,2017-05-02 12:00:00,Autos Sportivos,160,7A12CA8A-DC67-4A4F-B6F4-8B150873523A,,FRA,65890,Madrid,,ES        ,TRUE,FALSE,ESP       ,1,"Paseo del Prado, 270"
Italy,Aston Martin,DB2,49200,1360,750,550,Black,61500,,EURIT148,2017-05-10 08:14:00,TRUE,2017-05-02 12:00:00,Ronaldo Bianco,161,4A4A1D5E-1682-4ACA-A60D-0072693FE190,,GBR,61500,Milan,,IT        ,FALSE,FALSE,ITA       ,1,Palazzo Medusa 2000
Spain,Porsche,924,10000,500,750,150,Blue,12500,,EURES149,2017-05-10 04:14:00,TRUE,2017-05-03 12:00:00,Alicia Almodovar,162,C4ACB04E-C8D4-465E-8D66-8BA033443D61,,GER,12500,Barcelona,8400,ES        ,FALSE,FALSE,ESP       ,1,Palacia Del Sol
United Kingdom,Ferrari,Enzo,204000,9250,1500,1950,Black,255000,,GBPGB150,2017-05-10 11:15:00,TRUE,2017-05-03 12:00:00,Magic Motors,163,5D11974B-326C-44C5-BA1D-57968CAB0DEE,,ITA,255000,Birmingham,B1 7AZ,GB        ,TRUE,FALSE,GBR       ,1,"27, Handsworth Road"
France,Ferrari,F50,204760,5500,750,1950,Blue,255950,500,EURFR151,2017-05-12 01:15:00,TRUE,2017-05-11 12:00:00,Le Luxe en Motion,164,F8B48177-FB78-4245-935F-FB6FBCE8D870,,ITA,255950,Paris,,FR        ,TRUE,FALSE,FRA       ,1,"32, Allee de la Paix"
United States,Ferrari,F40,200000,3950,3150,1950,Black,250000,2450,USDUS152,2017-05-13 08:16:00,TRUE,2017-05-12 12:00:00,Screamin' Wheels Corp,165,6AEAC4F1-4C81-4FAA-A97C-3DCC0E6CB5DE,,ITA,250000,New York,,US        ,TRUE,FALSE,USA       ,1,50000 Fifth Avenue
Italy,Alfa Romeo,Giulietta,5200,500,750,150,Blue,6500,,EURIT153,2017-05-16 04:16:00,TRUE,2017-05-15 12:00:00,Prestissimo!,166,A5BDB4E0-1544-449F-8596-D63D70548675,,ITA,6500,Milan,,IT        ,TRUE,FALSE,ITA       ,1,Via Appia 239
United Kingdom,Triumph,GT6,7400,500,750,150,Silver,9250,,GBPGB154,2017-05-19 09:17:00,TRUE,2017-05-18 12:00:00,Stan Collywobble,167,06FD2864-8415-44A5-B022-B98BEFB7E490,,GBR,9250,Manchester,M1 5HJ,GB        ,FALSE,TRUE,GBR       ,1,"65, Townsend Road"
United Kingdom,Reliant,Robin,760,500,750,150,Black,950,,GBPGB155,2017-05-20 02:17:00,TRUE,2017-05-19 12:00:00,London Executive Prestige Vehicles,168,ECC534C7-B2DD-425C-98D3-98D2332B373C,,FRA,950,London,NW1 0AK,GB        ,TRUE,TRUE,GBR       ,1,"199, Park Lane"
France,McLaren,P1,236000,9250,3150,1950,Silver,295000,,EURFR156,2017-05-21 04:18:00,TRUE,2017-05-20 12:00:00,M. Pierre Dubois,169,589E8DB1-B2D4-4921-A11B-9A2A80EA73D9,,GBR,295000,Marseille,,FR        ,FALSE,FALSE,FRA       ,1,"14, Rue De La Hutte"
United Kingdom,Delorean,DMC 12,79600,1490,750,750,Night Blue,99500,,GBPGB157,2017-05-22 11:18:00,TRUE,2017-05-21 12:00:00,Pierre Blanc,170,BD15948E-42F0-41BC-920C-343E0816B0AB,,USA,99500,London,C1 3EJ,GB        ,FALSE,FALSE,GBR       ,1,52 Deirdre Lane
France,BMW,E30,26800,500,750,550,Black,33500,750,EURFR158,2017-05-23 09:19:00,TRUE,2017-05-22 12:00:00,Capots Reluisants S.A.,171,E0760EF4-3939-4063-821F-5923EF8760B4,,GER,33500,Paris,,FR        ,TRUE,FALSE,FRA       ,1,567 rue Lafayette
Germany,Aston Martin,DB2,36000,500,750,550,Night Blue,45000,2450,EURDE159,2017-05-24 05:19:00,TRUE,2017-05-23 12:00:00,Glitz,172,D3C15454-EF60-415F-860D-99D41F0A485F,,GBR,45000,Stuttgart,,DE        ,TRUE,FALSE,DEU       ,1,FriedrichStrasse 579
France,Aston Martin,DB4,29200,500,500,550,Black,36500,,EURFR160,2017-05-26 10:20:00,TRUE,2017-05-24 12:00:00,Laurent Saint Yves,173,DF5411FC-24C5-4CAB-89DF-54741054D8DD,,GBR,114000,Marseille,,FR        ,FALSE,FALSE,FRA       ,1,"49, Rue Quicampoix"
France,Aston Martin,DB9,62000,1490,1500,750,Canary Yellow,77500,,EURFR160,2017-05-26 10:20:00,TRUE,2017-05-25 12:00:00,Laurent Saint Yves,174,8BB5BBD3-E03C-457C-86E2-67199FCB302A,,GBR,114000,Marseille,,FR        ,FALSE,FALSE,FRA       ,2,"49, Rue Quicampoix"
Switzerland,Citroen,Rosalie,1880,500,225,150,British Racing Green,2350,,GBPCH161,2017-05-27 09:20:00,TRUE,2017-05-26 12:00:00,Matterhorn Motors,175,3A0070F8-C340-4B6F-9F36-4A1CBDB39FE9,,FRA,2350,Lausanne,,CH        ,TRUE,FALSE,CHF       ,1,"1, Rue de la Colline"
United Kingdom,Mercedes,280SL,26000,1360,750,550,Black,32500,500,GBPGB162,2017-06-01 08:21:00,TRUE,2017-05-31 12:00:00,London Executive Prestige Vehicles,176,638FCDD5-AFFF-4DCA-AAEC-17F527FB9D02,,GER,32500,London,NW1 0AK,GB        ,TRUE,TRUE,GBR       ,1,"199, Park Lane"
United Kingdom,Noble,M600,36000,500,750,550,Blue,45000,1500,GBPGB163,2017-06-01 12:21:00,TRUE,2017-05-31 12:00:00,Posh Vehicles Ltd,177,0C3EBD09-B9DF-414D-AD00-90F5819812D0,,GBR,45000,Manchester,M4 5SD,GB        ,TRUE,FALSE,GBR       ,1,"82, Millar Close"
United Kingdom,Trabant,600,1000,500,225,150,Red,1250,,GBPGB259,2018-05-25 12:00:00,TRUE,2017-06-01 12:00:00,Bling Motors,282,A0098927-0C7D-4CC8-8022-57A24433EF61,,GER,1250,Liverpool,L3 QS,GB        ,TRUE,FALSE,GBR       ,1,"2, Arndale Lane"
Switzerland,Triumph,TR5,6800,500,750,150,Green,8500,,GBPCH164,2017-06-15 09:22:00,TRUE,2017-06-05 12:00:00,Le Luxe en Motion,178,8BB7FF86-2D80-40B7-B216-254C16843529,,GBR,8500,Geneva,CH-1201,CH        ,TRUE,TRUE,CHF       ,1,"Avenue des Indes, 26"
United Kingdom,Triumph,TR4,5272,500,750,150,Dark Purple,6590,750,GBPGB260,2018-05-25 12:00:00,TRUE,2017-06-08 12:00:00,My Shiny Sports Car Ltd.,283,9743A284-D059-4EEB-98AB-ACDE88C1E9F5,,GBR,6590,London,W1 3GH,GB        ,TRUE,FALSE,GBR       ,1,"1091, Cambride Street"
Germany,Aston Martin,DB9,79600,2175,750,750,Green,99500,,EURDE165,2017-06-15 08:22:00,TRUE,2017-06-09 12:00:00,WunderKar,179,57E2BA34-6397-448F-8A8C-1306CC922231,,GBR,99500,Berlin,,DE        ,TRUE,FALSE,DEU       ,1,AlexanderPlatz 205
Spain,Triumph,Roadster,10360,1360,750,150,Blue,12950,750,EURES168,2017-06-15 06:24:00,TRUE,2017-06-12 12:00:00,Antonio Maura,182,D32D55B7-3546-4CCA-B4C0-DBA976572CA2,,GBR,12950,Madrid,,ES        ,FALSE,FALSE,ESP       ,1,"Puerta del Sol, 45"
United Kingdom,Alfa Romeo,Spider,4520,500,150,150,Black,5650,,GBPGB169,2017-06-22 06:24:00,TRUE,2017-06-21 12:00:00,King Leer Cars,183,D05D6642-FABF-4F56-8A7E-D8C47A8AAB70,,ITA,5650,Newcastle,NE1 4OX,GB        ,TRUE,FALSE,GBR       ,1,"87, Lindisfarne Road"
France,Jaguar,XK150,23600,500,150,150,Black,29500,1500,EURFR170,2017-06-24 09:25:00,TRUE,2017-06-22 12:00:00,SuperSport S.A.R.L.,184,658F0B06-2357-4DAA-803C-4DD7F569F270,,GBR,29500,Paris,,FR        ,TRUE,TRUE,FRA       ,1,210 Place de la Republique
Belgium,Peugeot,205,3160,500,750,150,Black,3950,750,EURBE171,2017-07-01 10:25:00,TRUE,2017-06-23 12:00:00,Stefan Van Helsing,185,760F5558-3C9E-4B70-A412-0448B90B0D89,,GER,45950,Brussels,,BE        ,FALSE,FALSE,BEL       ,1,Nieuwstraat 5
Belgium,Noble,M600,23600,1360,750,150,Black,29500,750,EURBE171,2017-07-01 10:25:00,TRUE,2017-06-30 12:00:00,Stefan Van Helsing,186,B09E4DDD-C2DD-45BE-B5F1-19FBF5970352,,GBR,45950,Brussels,,BE        ,FALSE,FALSE,BEL       ,2,Nieuwstraat 5
Belgium,Alfa Romeo,Spider,10000,500,750,150,Black,12500,,EURBE171,2017-07-01 10:25:00,TRUE,2017-06-30 12:00:00,Stefan Van Helsing,187,B4CC6E9A-8473-4A84-A811-73EABAFDC582,,ITA,45950,Brussels,,BE        ,FALSE,FALSE,BEL       ,3,Nieuwstraat 5
France,Rolls Royce,Silver Seraph,79960,1490,750,750,Blue,99950,,EURFR172,2017-07-01 06:26:00,TRUE,2017-06-30 12:00:00,Mme Anne Duport,188,2595D5C0-5002-464B-8F2B-C873FB29B4F9,,GBR,99950,Paris,,FR        ,FALSE,FALSE,FRA       ,1,"90, Place de la Victoire 1945"
United Kingdom,Bugatti,57C,268000,2000,2200,1950,Silver,335000,1250,GBPGB173,2017-07-03 07:26:00,FALSE,2017-07-01 12:00:00,Birmingham Executive Prestige Vehicles,189,D69ABA72-1B0D-4073-8B7D-D6CA65C4DDF7,,FRA,335000,Birmingham,B2 8UH,GB        ,TRUE,FALSE,GBR       ,1,"96, Aardvark Avenue"
France,Aston Martin,DB9,45200,500,750,550,Silver,56500,,EURFR174,2017-07-31 08:27:00,TRUE,2017-07-25 12:00:00,M. Pierre Dubois,190,332CE8D2-E19F-4656-BCC6-E3E45AD09D85,,GBR,56500,Marseille,,FR        ,FALSE,FALSE,FRA       ,1,"14, Rue De La Hutte"
United Kingdom,Aston Martin,Rapide,79600,2175,750,750,Night Blue,99500,,GBPGB175,2017-07-31 07:27:00,TRUE,2017-07-25 12:00:00,London Executive Prestige Vehicles,191,306507B9-D2E1-4C5D-8F01-C93C90C93B6E,,GBR,99500,London,NW1 0AK,GB        ,TRUE,TRUE,GBR       ,1,"199, Park Lane"
France,Rolls Royce,Silver Shadow,108000,2000,1500,1950,Silver,135000,1500,EURFR176,2017-07-31 05:28:00,TRUE,2017-07-25 12:00:00,SuperSport S.A.R.L.,192,2B0FC8E5-82CB-4804-8691-0586F2255E9E,,GBR,135000,Paris,,FR        ,TRUE,TRUE,FRA       ,1,210 Place de la Republique
United Kingdom,Rolls Royce,Corniche,71600,500,750,750,British Racing Green,89500,,GBPGB177,2017-07-31 05:28:00,TRUE,2017-07-25 12:00:00,King Leer Cars,193,ACB85DBA-4914-4222-8D24-6D87B0DAE10A,,GBR,89500,Newcastle,NE1 4OX,GB        ,TRUE,FALSE,GBR       ,1,"87, Lindisfarne Road"
Switzerland,Rolls Royce,Wraith,132000,9250,3150,1950,Dark Purple,165000,,GBPCH178,2017-08-04 09:29:00,TRUE,2017-08-02 12:00:00,Matterhorn Motors,194,23E43063-5402-4946-8830-0723F6B3CE1C,,GBR,165000,Lausanne,,CH        ,TRUE,FALSE,CHF       ,1,"1, Rue de la Colline"
United States,Mercedes,250SL,18080,1360,500,150,Black,22600,500,USDUS179,2017-08-04 11:29:00,TRUE,2017-08-02 12:00:00,Screamin' Wheels,195,E59BFE04-E70B-4BAC-9269-ADC311ED0032,,GER,22600,Los Angeles,,US        ,TRUE,FALSE,USA       ,1,1090 Reagan Road
France,Mercedes,350SL,26140,660,500,550,Dark Purple,32675,,EURFR180,2017-08-06 02:30:00,TRUE,2017-08-05 12:00:00,Capots Reluisants S.A.,196,8979136A-B34A-4CD3-B119-A6B158D15FFF,,GER,32675,Paris,,FR        ,TRUE,FALSE,FRA       ,1,567 rue Lafayette
France,Mercedes,500SL,36000,2000,500,550,Night Blue,45000,,EURFR181,2017-08-07 01:30:00,TRUE,2017-08-05 12:00:00,Vive La Vitesse,197,34A4BB21-60B3-4B0D-8DDB-8189C471A581,,GER,45000,Marseille,,FR        ,TRUE,FALSE,FRA       ,1,"56, Rue Noiratre"
United Kingdom,BMW,Isetta,4400,500,750,150,Blue,5500,,GBPGB182,2017-08-27 01:31:00,TRUE,2017-08-25 12:00:00,Silver HubCaps,198,AFAF5C3E-80C9-4C5A-9D2A-CDD238E40264,,GER,5500,Manchester,M1 7TH,GB        ,TRUE,FALSE,GBR       ,1,"54, Didsbury Lane"
United Kingdom,Noble,M600,44000,500,500,550,Black,55000,2450,GBPGB183,2017-08-30 07:31:00,TRUE,2017-08-29 12:00:00,Eat My Exhaust Ltd,199,7FCABEE5-E116-4AE3-B7B1-483C2F0D18CA,,GBR,55000,Liverpool,L1 8UY,GB        ,TRUE,FALSE,GBR       ,1,"29, Kop Hill"
United States,Aston Martin,DB2,39600,1360,500,550,Green,49500,,USDUS184,2017-09-20 02:32:00,TRUE,2017-08-31 12:00:00,Sondra Horowitz,200,B84575EE-2E61-482C-8B72-5A6A90ADC3FE,,GBR,49500,Los Angeles,,US        ,FALSE,FALSE,USA       ,1,10040 Great Western Road
Spain,Ferrari,Testarossa,200000,500,2200,1950,Black,250000,,EURES185,2017-09-20 12:32:00,TRUE,2017-09-02 12:00:00,Alicia Almodovar,201,DB2AF439-6293-4925-B905-1A57A0118B1A,,ITA,250000,Barcelona,8400,ES        ,FALSE,FALSE,ESP       ,1,Palacia Del Sol
France,Ferrari,355,124000,9250,750,1950,Red,155000,500,EURFR186,2017-09-20 04:33:00,TRUE,2017-09-03 12:00:00,Vive La Vitesse,202,15108517-AD0C-4FF2-A7D4-57679C374A68,,ITA,155000,Marseille,,FR        ,TRUE,FALSE,FRA       ,1,"56, Rue Noiratre"
United States,Porsche,944,12600,1360,750,150,Pink,15750,,USDUS187,2017-09-26 10:33:00,TRUE,2017-09-25 12:00:00,Theo Kowalski,203,10AD713C-C997-48BB-A5FB-F0B5FD26479B,,GER,15750,New York,,US        ,FALSE,FALSE,USA       ,1,1000 East 51st Street
United Kingdom,Porsche,928,15600,1360,750,150,Black,19500,,GBPGB188,2017-10-15 04:34:00,FALSE,2017-10-10 12:00:00,Honest Pete Motors,204,C1C9D15D-9E57-4D22-8997-D1333EEC6B13,,GER,19500,Stoke,ST3 9XY,GB        ,TRUE,FALSE,GBR       ,1,"76, Williams Street"
France,Lamborghini,Diabolo,188000,500,1500,1950,Black,235000,750,EURFR189,2017-10-15 06:34:00,TRUE,2017-10-10 12:00:00,Laurent Saint Yves,205,8A275CE2-D116-49F7-8571-FD91F21ADAAA,,ITA,235000,Marseille,,FR        ,FALSE,FALSE,FRA       ,1,"49, Rue Quicampoix"
United Kingdom,Alfa Romeo,Giulia,20000,1360,750,150,Black,25000,1500,GBPGB190,2017-11-01 07:35:00,TRUE,2017-10-29 12:00:00,Convertible Dreams,206,009A5323-23E5-48BE-95DB-BA94E1897419,,ITA,25000,London,SW2 6PL,GB        ,TRUE,FALSE,GBR       ,1,"31, Archbishop Ave"
Italy,Lamborghini,Jarama,196000,500,3150,1950,British Racing Green,245000,,EURIT191,2017-11-01 12:35:00,TRUE,2017-10-29 12:00:00,Stefano DiLonghi,207,EBE7AD85-117F-4781-A5E5-13920EE2B546,,ITA,245000,Rome,129,IT        ,FALSE,FALSE,ITA       ,1,Piazza Verona
Spain,Triumph,TR3A,31600,970,500,550,Black,39500,,EURES192,2017-11-01 05:36:00,TRUE,2017-10-29 12:00:00,Antonio Maura,208,B822FA7C-5FA5-4F17-A3A6-7199CB00F7F8,,GBR,89000,Madrid,,ES        ,FALSE,FALSE,ESP       ,1,"Puerta del Sol, 45"
Belgium,Triumph,Roadster,18800,1360,500,150,Black,23500,,EURBE193,2017-11-06 09:36:00,TRUE,2017-11-01 12:00:00,Stefan Van Helsing,210,ECD53BA8-3C63-4938-92C4-C955AEA6C4BC,,GBR,34000,Brussels,,BE        ,FALSE,FALSE,BEL       ,1,Nieuwstraat 5
Belgium,Alfa Romeo,Giulia,8400,500,750,150,Black,10500,,EURBE193,2017-11-06 09:36:00,TRUE,2017-11-01 12:00:00,Stefan Van Helsing,211,26199C63-95B5-419B-A827-C0EEAF594A5B,,ITA,34000,Brussels,,BE        ,FALSE,FALSE,BEL       ,2,Nieuwstraat 5
France,Alfa Romeo,Spider,9200,500,150,150,Blue,11500,750,EURFR194,2017-11-12 11:37:00,TRUE,2017-11-11 12:00:00,Mme Anne Duport,212,C9D8FCFE-4A88-479C-A2CA-E2474AF4D8DF,,ITA,62700,Paris,,FR        ,FALSE,FALSE,FRA       ,1,"90, Place de la Victoire 1945"
France,Alfa Romeo,1750,7960,500,750,150,Blue,9950,,EURFR241,2018-04-15 12:00:00,TRUE,2017-11-11 12:00:00,Vive La Vitesse,264,43195E1A-46B2-4554-B1A9-C849B1C0B53B,,ITA,9950,Marseille,,FR        ,TRUE,FALSE,FRA       ,1,"56, Rue Noiratre"
France,Porsche,911,40960,1360,500,550,Black,51200,,EURFR194,2017-11-12 11:37:00,TRUE,2017-11-11 12:00:00,Mme Anne Duport,213,05D4115C-3F27-4059-BDC8-C0C3FFC85E8B,,GER,62700,Paris,,FR        ,FALSE,FALSE,FRA       ,2,"90, Place de la Victoire 1945"
United Kingdom,Aston Martin,DB2,36760,500,150,550,Black,45950,,GBPGB195,2017-12-01 05:37:00,TRUE,2017-11-30 12:00:00,Snazzy Roadsters,214,B503DD91-24FA-4F4A-AF49-1EB15347A33D,,GBR,45950,Birmingham,B3 5ST,GB        ,TRUE,TRUE,GBR       ,1,"102, Bleak Street"
United Kingdom,Porsche,924,17280,1360,750,150,Red,21600,,GBPGB196,2017-12-01 09:38:00,FALSE,2017-11-30 12:00:00,Glittering Prize Cars Ltd,215,896B39D5-8040-4947-94D0-0234B4E78B23,,GER,21600,London,E17 9IK,GB        ,TRUE,FALSE,GBR       ,1,"46, Golders Green Road"
Germany,Austin,Lichfield,18880,1360,750,150,Night Blue,23600,,EURDE198,2017-12-05 11:39:00,FALSE,2017-12-01 12:00:00,Glitz,217,2657F22B-5D29-4A7A-B3F9-3A04C14D7C93,,GBR,23600,Stuttgart,,DE        ,TRUE,FALSE,DEU       ,1,FriedrichStrasse 579
Spain,Bentley,Arnage,79960,1490,750,750,Black,99950,,EURES199,2017-12-10 10:39:00,TRUE,2017-12-07 12:00:00,Prestige Imports,218,9BFDC1FA-8416-4F58-BE6C-3CCFA7A51860,,GBR,99950,Barcelona,8120,ES        ,TRUE,FALSE,ESP       ,1,Gran Via 26
Italy,Aston Martin,DB4,37520,500,1500,550,Silver,46900,,EURIT200,2017-12-10 04:40:00,TRUE,2017-12-07 12:00:00,Sport.Car,219,A88F114F-3808-4B2D-92BE-BD43EEA71742,,GBR,46900,Rome,120,IT        ,TRUE,FALSE,ITA       ,1,Via Barberini 59
United Kingdom,Porsche,911,36760,2000,500,550,Black,45950,,GBPGB201,2017-12-10 05:40:00,TRUE,2017-12-09 12:00:00,Pierre Blanc,220,1860F37A-EBC7-42E9-B339-3F6D6048322F,,GER,45950,London,C1 3EJ,GB        ,FALSE,FALSE,GBR       ,1,52 Deirdre Lane
France,Porsche,924,6040,500,750,150,Red,7550,,EURFR202,2017-12-10 12:41:00,TRUE,2017-12-09 12:00:00,Capots Reluisants S.A.,221,00E07EB4-4A3A-434F-B3FC-76A312BEEF5D,,GER,7550,Paris,,FR        ,TRUE,FALSE,FRA       ,1,567 rue Lafayette
Spain,Porsche,924,9592,500,750,150,Green,11990,900,EURES203,2017-12-12 02:41:00,TRUE,2017-12-10 12:00:00,Antonio Maura,222,C72ABA1C-D1FA-4A4B-9E16-9FE066D509BA,,GER,11990,Madrid,,ES        ,FALSE,FALSE,ESP       ,1,"Puerta del Sol, 45"
United States,Porsche,944,10000,500,750,150,Black,12500,,USDUS204,2017-12-27 05:42:00,TRUE,2017-12-19 12:00:00,Screamin' Wheels,223,B8F3827A-5689-42B9-A1DE-26AFE7E2343E,,GER,12500,Los Angeles,,US        ,TRUE,FALSE,USA       ,1,1090 Reagan Road
United Kingdom,Porsche,944,6000,500,750,150,Blue,7500,,GBPGB205,2017-12-27 12:42:00,TRUE,2017-12-20 12:00:00,Screamin' Wheels,224,A21CAFB1-7242-42D1-80AC-E5D26941E2BE,,GER,7500,London,SE1 5RU,GB        ,TRUE,FALSE,GBR       ,1,"4, Churchill Close"
United Kingdom,Aston Martin,DB4,45480,500,1500,550,Canary Yellow,56850,,GBPGB206,2018-01-02 12:00:00,TRUE,2017-12-30 12:00:00,King Leer Cars,225,76D2E902-DF33-4BE5-8181-B9DA01869131,,GBR,56850,Newcastle,NE1 4OX,GB        ,TRUE,FALSE,GBR       ,1,"87, Lindisfarne Road"
United Kingdom,Aston Martin,DB4,45560,500,1500,550,Pink,56950,,GBPGB210,2018-01-02 12:00:00,TRUE,2017-12-30 12:00:00,Clubbing Cars,229,2CE57C5E-98DE-402F-884A-A6227FD7FB5F,,GBR,56950,Manchester,M5 9RD,GB        ,TRUE,FALSE,GBR       ,1,"91, Acid Avenue"
United Kingdom,Aston Martin,DB2,50000,500,750,550,British Racing Green,62500,1250,GBPGB207,2018-01-02 12:00:00,TRUE,2017-12-30 12:00:00,Silver HubCaps,226,61B73BA2-9EA0-4DB9-8D89-6E8D2A5D32DA,,GBR,62500,Manchester,M1 7TH,GB        ,TRUE,FALSE,GBR       ,1,"54, Didsbury Lane"
United Kingdom,Aston Martin,DB4,34000,2000,150,550,Black,42500,,GBPGB208,2018-01-02 12:00:00,TRUE,2017-12-31 12:00:00,Honest Pete Motors,227,8BED3FBE-29EA-48AF-A8CE-7770F51A548F,,GBR,42500,Stoke,ST3 9XY,GB        ,TRUE,FALSE,GBR       ,1,"76, Williams Street"
United States,Aston Martin,DB9,52360,500,1500,750,Black,65450,1250,USDUS209,2018-01-02 12:00:00,TRUE,2017-12-31 12:00:00,Screamin' Wheels,228,B0559A26-5CE0-4C70-89EC-C73C0837B1E8,,GBR,65450,Washington,,US        ,TRUE,FALSE,USA       ,1,10500 The Potomac
France,Peugeot,203,1560,500,750,150,British Racing Green,1950,,EURFR211,2018-01-05 12:00:00,TRUE,2018-01-01 12:00:00,Jean-Yves Truffaut,230,99DF9E69-9DAF-4D81-8334-D7058F1030E2,,GER,1950,Paris,,FR        ,FALSE,FALSE,FRA       ,1,87 Rue du Combat
United Kingdom,Austin,Princess,920,500,750,150,Black,1150,,GBPGB212,2018-01-05 12:00:00,FALSE,2018-01-01 12:00:00,Mr. Evan Telford,231,D231E90A-140A-4623-AA79-16970966DDF3,,GBR,1150,Manchester,M2 6KL,GB        ,FALSE,FALSE,GBR       ,1,"7, Godzilla Street"
Germany,Alfa Romeo,Giulietta,9240,500,750,150,Night Blue,11550,,EURDE213,2018-01-05 12:00:00,TRUE,2018-01-01 12:00:00,Ralph Obermann,232,26122425-FE14-4318-8713-15C8F9EED630,,ITA,11550,Berlin,,DE        ,FALSE,FALSE,DEU       ,1,BerolinaStrasse 210
United Kingdom,Triumph,TR5,10056,2000,500,150,Black,12570,500,GBPGB214,2018-01-05 12:00:00,TRUE,2018-01-01 12:00:00,Pierre Blanc,233,80B21E0F-66E3-4582-838A-D7EC560C7C0B,,GBR,12570,London,C1 3EJ,GB        ,FALSE,FALSE,GBR       ,1,52 Deirdre Lane
France,Triumph,TR7,7912,500,225,150,Black,9890,,EURFR215,2018-01-05 12:00:00,TRUE,2018-01-01 12:00:00,Capots Reluisants S.A.,234,8D9BF815-FAE4-47CE-ADBB-33339D382319,,GBR,9890,Paris,,FR        ,TRUE,FALSE,FRA       ,1,567 rue Lafayette
United Kingdom,Bentley,Flying Spur,45560,2000,500,550,Night Blue,56950,,GBPGB216,2018-01-10 12:00:00,TRUE,2018-01-01 12:00:00,Glittering Prize Cars Ltd,235,F6C384B6-B768-4031-AC12-81C8CE37049E,,GBR,56950,London,E17 9IK,GB        ,TRUE,FALSE,GBR       ,1,"46, Golders Green Road"
Spain,Noble,M600,36760,660,1500,550,Dark Purple,45950,,EURES217,2018-01-10 12:00:00,TRUE,2018-01-01 12:00:00,Prestige Imports,236,F9EF8BCC-5744-4EBC-91AD-739775C597D9,,GBR,45950,Barcelona,8120,ES        ,TRUE,FALSE,ESP       ,1,Gran Via 26
Belgium,Peugeot,205,760,500,750,150,British Racing Green,950,25,EURBE218,2018-01-10 12:00:00,TRUE,2018-01-01 12:00:00,Stefan Van Helsing,237,457046F9-68AC-468E-9C5E-9C1B957FE9B9,,GER,950,Brussels,,BE        ,FALSE,FALSE,BEL       ,1,Nieuwstraat 5
France,Jaguar,XK120,17240,970,750,150,Black,21550,1250,EURFR219,2018-01-10 12:00:00,TRUE,2018-01-01 12:00:00,Laurent Saint Yves,238,3DCFE242-5286-404C-A37E-5207E6F51BB1,,GBR,21550,Marseille,,FR        ,FALSE,FALSE,FRA       ,1,"49, Rue Quicampoix"
United Kingdom,Alfa Romeo,Spider,4760,500,225,150,Black,5950,,GBPGB220,2018-01-15 12:00:00,TRUE,2018-01-01 12:00:00,Silver HubCaps,239,BF9128E0-D61A-4214-8128-44A9880E20C2,,ITA,5950,Manchester,M1 7TH,GB        ,TRUE,FALSE,GBR       ,1,"54, Didsbury Lane"
France,Bugatti,57C,284000,9250,7500,1950,Red,365000,,EURFR221,2018-01-15 12:00:00,TRUE,2018-01-01 12:00:00,La Bagnole de Luxe,240,808F1237-9F5C-484F-8E14-63FF713A864D,,FRA,355000,Paris,,FR        ,TRUE,FALSE,FRA       ,1,890 Place de la Concorde
France,Rolls Royce,Silver Seraph,96000,2175,750,750,Black,120000,,EURFR222,2018-02-10 12:00:00,TRUE,2018-02-01 12:00:00,M. Pierre Dubois,241,790E96BC-2F59-4B8F-9DE2-6BB65F92216B,,GBR,120000,Marseille,,FR        ,FALSE,FALSE,FRA       ,1,"14, Rue De La Hutte"
Switzerland,Porsche,928,14280,1360,150,150,British Racing Green,17850,750,GBPCH223,2018-02-11 12:00:00,TRUE,2018-02-01 12:00:00,Le Luxe en Motion,242,88975E00-70FD-44B6-9A1F-9E3B9CCE4382,,GER,121500,Geneva,CH-1201,CH        ,TRUE,TRUE,CHF       ,1,"Avenue des Indes, 26"
Switzerland,Aston Martin,Virage,82920,1490,750,750,Pink,103650,,GBPCH223,2018-02-11 12:00:00,TRUE,2018-02-01 12:00:00,Le Luxe en Motion,243,6218BE0E-185B-4B12-8696-AA976EA81B29,,GBR,121500,Geneva,CH-1201,CH        ,TRUE,TRUE,CHF       ,2,"Avenue des Indes, 26"
United States,Rolls Royce,Phantom,146000,5500,1500,1950,Green,182500,17500,USDUS224,2018-02-12 12:00:00,TRUE,2018-02-01 12:00:00,Sondra Horowitz,244,03AC7842-CA66-4AC0-92AD-F538494D1FAE,,GBR,182500,Los Angeles,,US        ,FALSE,FALSE,USA       ,1,10040 Great Western Road
United Kingdom,Austin,Cambridge,18000,1360,750,150,Black,22500,,GBPGB225,2018-02-13 12:00:00,TRUE,2018-02-01 12:00:00,ImpressTheNeighbours.Com,245,7FF88424-96A2-4149-ABF3-21AC9FBCDD4C,,GBR,22500,Birmingham,B4 4RY,GB        ,TRUE,FALSE,GBR       ,1,"47, Edgbaston Row"
France,BMW,Alpina,17200,500,750,150,Black,21500,,EURFR226,2018-02-14 12:00:00,FALSE,2018-02-01 12:00:00,Wladimir Lacroix,246,48437CA9-988E-42EA-94F8-DC2D6DA48BA7,,GER,21500,Lyon,,FR        ,FALSE,FALSE,FRA       ,1,"3, Rue de la Vie en Rose"
United Kingdom,Rolls Royce,Ghost,79160,1490,750,750,Blue,98950,,GBPGB229,2018-02-17 12:00:00,TRUE,2018-02-10 12:00:00,Boris Spry,249,89C3293F-F665-4E93-9929-315CBA3DD498,,GBR,98950,Birmingham,B1 4BZ,GB        ,FALSE,FALSE,GBR       ,1,"53, Odeon Way"
United Kingdom,Bugatti,57C,284000,9250,2200,1950,Blue,355000,,GBPGB230,2018-02-17 12:00:00,TRUE,2018-02-10 12:00:00,Andrea Tarbuck,250,59650ADF-0886-43B4-B360-3A79E0CA327E,,FRA,355000,Birmingham,B4 8SG,GB        ,FALSE,FALSE,GBR       ,1,"2,Newcastle Lane"
France,Austin,Princess,4800,500,750,150,Black,6000,,EURFR231,2018-03-05 12:00:00,TRUE,2018-03-01 12:00:00,Vive La Vitesse,251,4BA7F44F-422D-4AD2-84B3-2AE4F0028DB8,,GBR,6000,Marseille,,FR        ,TRUE,FALSE,FRA       ,1,"56, Rue Noiratre"
Spain,Alfa Romeo,Giulietta,4552,500,750,150,Night Blue,5690,750,EURES232,2018-03-05 12:00:00,TRUE,2018-03-01 12:00:00,Alicia Almodovar,252,1DDF23D7-3CB8-49C7-A19B-2A9C5AB23ADF,,ITA,5690,Barcelona,8400,ES        ,FALSE,FALSE,ESP       ,1,Palacia Del Sol
United States,Aston Martin,DB9,45520,1360,500,550,Silver,56900,500,USDUS233,2018-03-08 12:00:00,TRUE,2018-03-01 12:00:00,Theo Kowalski,253,A2201698-CA26-428A-988F-ABB4A8893E21,,GBR,56900,New York,,US        ,FALSE,FALSE,USA       ,1,1000 East 51st Street
Spain,Lamborghini,400GT,116000,9250,1500,1950,Black,145000,,EURES234,2018-03-08 12:00:00,TRUE,2018-03-01 12:00:00,Antonio Maura,254,F556C096-7EFE-4827-9AFF-2FD0416B1C9B,,ITA,368000,Madrid,,ES        ,FALSE,FALSE,ESP       ,1,"Puerta del Sol, 45"
Spain,Ferrari,Daytona,79600,500,1500,750,Silver,99500,,EURES234,2018-03-08 12:00:00,TRUE,2018-03-01 12:00:00,Antonio Maura,255,9868BF47-F113-4721-BF95-26FEF8DD51D2,,ITA,368000,Madrid,,ES        ,FALSE,FALSE,ESP       ,2,"Puerta del Sol, 45"
Spain,Ferrari,Dino,98800,2175,1500,750,Dark Purple,123500,750,EURES234,2018-03-08 12:00:00,TRUE,2018-03-08 12:00:00,Antonio Maura,256,C7086D43-16DA-444F-A461-76DA9C479425,,ITA,368000,Madrid,,ES        ,FALSE,FALSE,ESP       ,3,"Puerta del Sol, 45"
France,Ferrari,F50,248000,9250,7900,1950,Silver,310000,,EURFR235,2018-03-15 12:00:00,FALSE,2018-03-08 12:00:00,Capots Reluisants S.A.,257,20041639-9549-415A-AEC2-7159352E8CB7,,ITA,310000,Paris,,FR        ,TRUE,FALSE,FRA       ,1,567 rue Lafayette
United Kingdom,Porsche,944,7840,500,750,150,Canary Yellow,9800,35,GBPGB236,2018-03-19 12:00:00,TRUE,2018-03-08 12:00:00,Pierre Blanc,258,AF51E444-D0BE-477F-8834-615824E0A89C,,GER,9800,London,C1 3EJ,GB        ,FALSE,FALSE,GBR       ,1,52 Deirdre Lane
Spain,Porsche,928,12760,500,500,150,Silver,15950,,EURES237,2018-04-02 12:00:00,FALSE,2018-04-01 12:00:00,Alicia Almodovar,259,FAB39B43-A811-4410-A69A-707C35C767E7,,GER,15950,Barcelona,8400,ES        ,FALSE,FALSE,ESP       ,1,Palacia Del Sol
United Kingdom,Lamborghini,Diabolo,204000,2000,150,1950,Black,255000,,GBPGB238,2018-04-09 12:00:00,TRUE,2018-04-01 12:00:00,Kieran O'Harris,260,A23F2E70-66D3-44A1-982C-ADE1ECA9CC30,,ITA,267950,Liverpool,L7 6OP,GB        ,FALSE,FALSE,GBR       ,1,"71, Askwith Ave"
United Kingdom,Mercedes,250SL,10360,1360,750,150,Green,12950,,GBPGB238,2018-04-09 12:00:00,TRUE,2018-04-01 12:00:00,Kieran O'Harris,261,BFC6861C-8D2E-40C8-A4F7-07F9E41056DC,,GER,267950,Liverpool,L7 6OP,GB        ,FALSE,FALSE,GBR       ,2,"71, Askwith Ave"
United Kingdom,Ferrari,Mondial,124000,3950,3150,1950,Black,155000,,GBPGB239,2018-04-10 12:00:00,TRUE,2018-04-01 12:00:00,King Leer Cars,262,07E4BA14-7B78-4B11-9A11-1520460A5631,,ITA,155000,Newcastle,NE1 4OX,GB        ,TRUE,FALSE,GBR       ,1,"87, Lindisfarne Road"
United States,Austin,Princess,2000,500,750,150,Red,2500,,USDUS240,2018-04-11 12:00:00,TRUE,2018-04-01 12:00:00,Screamin' Wheels,263,9E98DDEF-D2A3-4BEC-99DD-BEFEFC11E5EE,,GBR,2500,Los Angeles,,US        ,TRUE,FALSE,USA       ,1,1090 Reagan Road
United States,Mercedes,280SL,31600,500,750,550,Green,39500,2450,USDUS242,2018-04-15 12:00:00,TRUE,2018-04-01 12:00:00,Screamin' Wheels,265,7808CA65-E449-4280-A128-F5B581F47B8F,,GER,39500,Los Angeles,,US        ,TRUE,FALSE,USA       ,1,1090 Reagan Road
United Kingdom,Mercedes,350SL,18800,1360,750,150,Black,23500,,GBPGB243,2018-04-15 12:00:00,TRUE,2018-04-01 12:00:00,Executive Motor Delight,266,B2D76C72-FA30-40AE-9AB9-DFB47560348C,,GER,23500,London,SE17 6AD,GB        ,TRUE,FALSE,GBR       ,1,"17, The Brambles"
Spain,Aston Martin,DB6,36760,500,750,550,Black,45950,,EURES244,2018-04-15 12:00:00,TRUE,2018-04-01 12:00:00,Alicia Almodovar,267,C19B3F44-9EA7-49FF-953A-86BF48B55615,,GBR,45950,Barcelona,8400,ES        ,FALSE,FALSE,ESP       ,1,Palacia Del Sol
United States,Aston Martin,DB9,44000,500,750,550,Blue,55000,750,USDUS245,2018-04-15 12:00:00,TRUE,2018-04-01 12:00:00,Screamin' Wheels,268,A0F4D013-88EB-4692-B5EE-6BA800593036,,GBR,55000,Washington,,US        ,TRUE,FALSE,USA       ,1,10500 The Potomac
United Kingdom,Aston Martin,Virage,80000,500,750,750,Blue,100000,,GBPGB246,2018-04-20 12:00:00,TRUE,2018-04-01 12:00:00,ImpressTheNeighbours.Com,269,9CD9439F-E15F-4469-BE82-7A4041633A50,,GBR,100000,Birmingham,B4 4RY,GB        ,TRUE,FALSE,GBR       ,1,"47, Edgbaston Row"
United Kingdom,Aston Martin,DB6,35908,2000,750,550,British Racing Green,44885,,GBPGB247,2018-04-20 12:00:00,TRUE,2018-04-01 12:00:00,Beltway Prestige Driving,270,87A6B5EF-1E2B-49CA-85D7-263BC7E32189,,GBR,44885,Liverpool,L1 WS,GB        ,TRUE,FALSE,GBR       ,1,"1, Smithy Close"
United Kingdom,Lagonda,V12,49200,500,750,550,Black,61500,,GBPGB248,2018-04-22 12:00:00,TRUE,2018-04-01 12:00:00,Bling Motors,271,361E0EFF-56B8-4E0A-A1DD-41D4A51BF704,,ITA,61500,Liverpool,L3 QS,GB        ,TRUE,FALSE,GBR       ,1,"2, Arndale Lane"
United Kingdom,Peugeot,404,760,500,750,150,Black,950,,GBPGB249,2018-04-23 12:00:00,TRUE,2018-04-01 12:00:00,Clubbing Cars,272,B89AF48B-4BB9-409B-876B-941E51D19381,,GER,950,Manchester,M5 9RD,GB        ,TRUE,FALSE,GBR       ,1,"91, Acid Avenue"
Italy,Ferrari,Dino,156000,9250,750,1950,British Racing Green,195000,,EURIT250,2018-04-24 12:00:00,TRUE,2018-04-01 12:00:00,Smooth Rocking Chrome,273,A326183E-7D45-4CF2-A353-7177A3EAB71F,,ITA,195000,Milan,,IT        ,TRUE,TRUE,ITA       ,1,Via Stromboli 2
Spain,Aston Martin,DB2,42000,500,750,550,Green,52500,1575,EURES251,2018-04-29 12:00:00,FALSE,2018-04-01 12:00:00,YO! Speed!,274,266404D4-FBC5-4DC6-BB7C-A2ED7246D6D7,,GBR,52500,Barcelona,8550,ES        ,TRUE,FALSE,ESP       ,1,Plaza Mayor
United Kingdom,Citroen,Rosalie,1080,500,750,150,Black,1350,,GBPGB252,2018-05-03 12:00:00,TRUE,2018-05-01 12:00:00,Birmingham Executive Prestige Vehicles,275,798C76AF-985B-4B9F-B24A-4B4311AE2A08,,FRA,1350,Birmingham,B2 8UH,GB        ,TRUE,FALSE,GBR       ,1,"96, Aardvark Avenue"
United Kingdom,Peugeot,404,1996,500,750,150,Canary Yellow,2495,45,GBPGB253,2018-05-03 12:00:00,TRUE,2018-05-01 12:00:00,Silver HubCaps,276,71C9EDC5-7897-4CCE-9B2F-5B04BEDC36D0,,GER,2495,Manchester,M1 7TH,GB        ,TRUE,FALSE,GBR       ,1,"54, Didsbury Lane"
France,Ferrari,F40,215600,5500,1500,1950,Dark Purple,269500,,EURFR254,2018-05-15 12:00:00,TRUE,2018-05-01 12:00:00,Laurent Saint Yves,277,61F8CF9A-F53C-4386-9BF8-578F54547CD2,,ITA,269500,Marseille,,FR        ,FALSE,FALSE,FRA       ,1,"49, Rue Quicampoix"
United States,Ferrari,F50,156000,3950,1500,1950,Green,195000,,USDUS255,2018-05-15 12:00:00,TRUE,2018-05-01 12:00:00,Stephany Rousso,278,FF62897D-E06C-4BC1-B5EA-E6BE415B0CD1,,ITA,195000,Los Angeles,,US        ,FALSE,FALSE,USA       ,1,10180 Orange County Place
United Kingdom,Noble,M600,20760,1360,750,150,Black,25950,1250,GBPGB256,2018-05-23 12:00:00,TRUE,2018-05-01 12:00:00,My Shiny Sports Car Ltd.,279,9555FF33-EE29-4A81-854A-69F6485BB216,,GBR,25950,London,W1 3GH,GB        ,TRUE,FALSE,GBR       ,1,"1091, Cambride Street"
United Kingdom,Triumph,TR4,7992,500,750,150,Black,9990,,GBPGB257,2018-05-23 12:00:00,TRUE,2018-05-01 12:00:00,Beltway Prestige Driving,280,EA1B19C6-631A-4683-9E29-1BC601FC850E,,GBR,9990,Liverpool,L1 WS,GB        ,TRUE,FALSE,GBR       ,1,"1, Smithy Close"
Italy,Ferrari,360,108000,5500,5600,1950,British Racing Green,135000,,EURIT258,2018-05-25 12:00:00,TRUE,2018-05-01 12:00:00,Smooth Rocking Chrome,281,27C180A1-7C39-4E88-B5DE-ACD0C9594F3C,,ITA,135000,Milan,,IT        ,TRUE,TRUE,ITA       ,1,Via Stromboli 2
France,Porsche,959,71600,1490,750,750,Black,89500,,EURFR261,2018-05-25 12:00:00,TRUE,2018-05-01 12:00:00,Laurent Saint Yves,284,BEC34DF7-3E37-4322-A406-04BB5DF2A0FE,,GER,89500,Marseille,,FR        ,FALSE,FALSE,FRA       ,1,"49, Rue Quicampoix"
United Kingdom,Alfa Romeo,Giulietta,14800,500,750,150,Blue,18500,,GBPGB262,2018-05-25 12:00:00,TRUE,2018-05-01 12:00:00,Kieran O'Harris,285,F075AC9E-1124-4194-A05F-683F9D553335,,ITA,18500,Liverpool,L7 6OP,GB        ,FALSE,FALSE,GBR       ,1,"71, Askwith Ave"
Switzerland,Alfa Romeo,1750,2860,500,750,150,Black,3575,750,GBPCH263,2018-06-03 12:00:00,TRUE,2018-06-01 12:00:00,Matterhorn Motors,286,05F6C06A-9CD8-448B-9F67-FDBC0A7CEDCE,,ITA,3575,Lausanne,,CH        ,TRUE,FALSE,CHF       ,1,"1, Rue de la Colline"
Belgium,Triumph,TR4,5560,500,457,150,Red,6950,,EURBE264,2018-06-03 12:00:00,TRUE,2018-06-01 12:00:00,Flash Voitures,287,B1ABF9BD-1FBC-4E9A-BCCC-0B9AFEE5CFF1,,GBR,6950,Brussels,,BE        ,TRUE,FALSE,BEL       ,1,Place Anspach 85
United Kingdom,Jaguar,XK150,21200,500,750,150,Night Blue,26500,,GBPGB265,2018-06-16 12:00:00,TRUE,2018-06-01 12:00:00,Snazzy Roadsters,288,607CA291-F642-4CBD-967B-7A36DF45D150,,GBR,26500,Birmingham,B3 5ST,GB        ,TRUE,TRUE,GBR       ,1,"102, Bleak Street"
United States,Jaguar,Mark V,26800,2000,750,550,Black,33500,,USDUS266,2018-06-18 12:00:00,FALSE,2018-06-01 12:00:00,Paul Blasio,289,695E6D94-12E6-49BC-8E23-29AC3EB38D93,,GBR,33500,New York,,US        ,FALSE,FALSE,USA       ,1,50500 JFK Square
United Kingdom,Jaguar,Mark X,19600,1360,750,150,British Racing Green,24500,,GBPGB267,2018-06-22 12:00:00,TRUE,2018-06-01 12:00:00,Glittering Prize Cars Ltd,290,614ED49B-6DA9-4BFE-9560-3DB52A6593CD,,GBR,24500,London,E17 9IK,GB        ,TRUE,FALSE,GBR       ,1,"46, Golders Green Road"
United Kingdom,Bentley,Continental,79600,500,1050,750,Night Blue,99500,500,GBPGB268,2018-06-23 12:00:00,TRUE,2018-06-01 12:00:00,King Leer Cars,291,740A7CB4-BF3F-46FD-98F3-D85748E5B9BA,,GBR,99500,Newcastle,NE1 4OX,GB        ,TRUE,FALSE,GBR       ,1,"87, Lindisfarne Road"
United Kingdom,Aston Martin,DB2,79992,2000,750,750,Silver,99990,,GBPGB269,2018-07-05 12:00:00,TRUE,2018-07-01 12:00:00,Executive Motor Delight,292,D0B8D738-B33D-4F7F-BA25-46EC06DEB8E2,,GBR,99990,London,SE17 6AD,GB        ,TRUE,FALSE,GBR       ,1,"17, The Brambles"
United Kingdom,Alfa Romeo,Giulia,5560,500,1050,150,Black,6950,1250,GBPGB270,2018-07-10 12:00:00,TRUE,2018-07-01 12:00:00,Mary Blackhouse,293,23FDFA0D-C905-41A6-B95A-D5A3517293D8,,ITA,6950,London,E1 9AP,GB        ,FALSE,FALSE,GBR       ,1,"260, Oxford Avenue"
United Kingdom,Alfa Romeo,Giulietta,8400,500,750,150,Black,10500,1500,GBPGB271,2018-07-15 12:00:00,TRUE,2018-07-01 12:00:00,Maurice Dujardin,294,6A140D65-C354-48F6-A92E-40FF36CF1216,,ITA,10500,London,NW1 7YU,GB        ,FALSE,FALSE,GBR       ,1,"10, Daltrey Lane"
United Kingdom,Mercedes,280SL,26760,1360,750,550,Black,33450,,GBPGB272,2018-07-25 12:00:00,TRUE,2018-07-01 12:00:00,Bling Motors,295,4AFC6EDF-49EA-4D57-85AF-D60734328922,,GER,33450,Liverpool,L3 QS,GB        ,TRUE,FALSE,GBR       ,1,"2, Arndale Lane"
United Kingdom,Aston Martin,Virage,58000,2175,1500,750,Night Blue,72500,,GBPGB273,2018-07-25 12:00:00,TRUE,2018-07-25 12:00:00,Mr. Evan Telford,296,EF8621F7-41EB-4C2D-ADBD-D4287083D41F,,GBR,72500,Manchester,M2 6KL,GB        ,FALSE,FALSE,GBR       ,1,"7, Godzilla Street"
United Kingdom,Peugeot,404,1920,500,750,150,Canary Yellow,2400,,GBPGB274,2018-07-30 12:00:00,TRUE,2018-07-25 12:00:00,Leslie Whittington,297,E66B3E09-F02D-484A-8B9F-A8CD7833CD6B,,GER,2400,London,SE1 4AT,GB        ,FALSE,FALSE,GBR       ,1,"17, Mercury Street"
United Kingdom,Jaguar,XK120,54800,500,1500,750,Dark Purple,68500,2450,GBPGB275,2018-07-30 12:00:00,TRUE,2018-07-25 12:00:00,Mike Beeton,298,13F9FBD7-9342-4A2D-A249-E3AD6AE9A9CB,,GBR,68500,London,SW13 7ED,GB        ,FALSE,TRUE,GBR       ,1,Green Plaza Place
Switzerland,Peugeot,404,1880,500,750,150,British Racing Green,2350,,GBPCH276,2018-07-30 12:00:00,TRUE,2018-07-25 12:00:00,Le Luxe en Motion,299,E68BB825-0487-44CA-AE6C-7C650F81E22B,,GER,2350,Geneva,CH-1201,CH        ,TRUE,TRUE,CHF       ,1,"Avenue des Indes, 26"
United Kingdom,Morgan,Plus 4,14800,970,1050,150,Pink,18500,1950,GBPGB277,2018-07-30 12:00:00,TRUE,2018-07-25 12:00:00,ImpressTheNeighbours.Com,300,519C0ED1-7611-4CDC-8153-5C4B81A7FD0F,,GBR,18500,Birmingham,B4 4RY,GB        ,TRUE,FALSE,GBR       ,1,"47, Edgbaston Row"
United Kingdom,Noble,M14,4400,500,750,150,Blue,5500,,GBPGB278,2018-07-31 12:00:00,FALSE,2018-07-25 12:00:00,Melissa Bertrand,301,3CD0AFE8-9909-4A5D-BA9F-5C1F71B0DEE3,,GBR,5500,London,NW10 2SG,GB        ,FALSE,FALSE,GBR       ,1,"7, Westlands Street"
Spain,Ferrari,360,102800,3950,2200,1950,Blue,128500,12500,EURES279,2018-07-31 12:00:00,TRUE,2018-07-25 12:00:00,El Sport,302,114760E3-FC54-4C31-B323-BC4B83AB80D0,,ITA,128500,Madrid,,ES        ,TRUE,FALSE,ESP       ,1,Plaza San Andres
United States,Aston Martin,DB9,44000,1360,1500,550,Silver,55000,,USDUS280,2018-07-31 12:00:00,TRUE,2018-07-25 12:00:00,Stephany Rousso,303,757E7DB7-3688-41FD-AFB6-E49CC56BCCD8,,GBR,55000,Los Angeles,,US        ,FALSE,FALSE,USA       ,1,10180 Orange County Place
Italy,Peugeot,404,1000,500,750,150,Red,1250,,EURIT281,2018-07-31 12:00:00,TRUE,2018-07-25 12:00:00,Smooth Rocking Chrome,304,BA123B46-B5DF-439B-9326-82174419FC14,,GER,1250,Milan,,IT        ,TRUE,TRUE,ITA       ,1,Via Stromboli 2
France,Bugatti,57C,276000,5500,457,1950,Red,345000,,EURFR282,2018-07-31 12:00:00,TRUE,2018-07-25 12:00:00,Bling Bling S.A.,305,FCB80D65-7D65-41E4-9081-6C92D0C7F1F5,,FRA,345000,Paris,,FR        ,TRUE,FALSE,FRA       ,1,"7, Place de la Richesse"
Italy,Aston Martin,DB6,66072,1490,457,750,Green,82590,,EURIT283,2018-07-31 12:00:00,TRUE,2018-07-25 12:00:00,Bravissima!,306,0318C525-58CA-438E-A5A5-BA854855A664,,GBR,82590,Rome,175,IT        ,TRUE,FALSE,ITA       ,1,"Via Rosso, 34"
United States,Aston Martin,DB6,90872,500,225,750,Night Blue,113590,,USDUS284,2018-08-01 12:00:00,TRUE,2018-07-31 12:00:00,Jayden Jones,307,17FA511D-1C85-4F74-A164-B4EE39F48565,,GBR,113590,Washington,,US        ,FALSE,FALSE,USA       ,1,10500 Lincoln Square
United States,Aston Martin,Virage,36000,1360,750,550,Black,45000,1250,USDUS285,2018-08-01 12:00:00,TRUE,2018-07-31 12:00:00,Stephany Rousso,308,4B47A26E-2723-4E06-A661-21271A6759D0,,GBR,45000,Los Angeles,,US        ,FALSE,FALSE,USA       ,1,10180 Orange County Place
Spain,Aston Martin,Vanquish,46080,2000,1500,550,Night Blue,57600,,EURES286,2018-08-01 12:00:00,TRUE,2018-07-31 12:00:00,YO! Speed!,309,47572651-C884-4C1D-A433-E8641A1A1172,,GBR,57600,Barcelona,8550,ES        ,TRUE,FALSE,ESP       ,1,Plaza Mayor
United Kingdom,Aston Martin,Vantage,82000,2175,1500,750,Black,102500,,GBPGB287,2018-08-01 12:00:00,TRUE,2018-08-01 12:00:00,Pierre Blanc,310,2A27FF01-DC3C-4FE2-AC8C-9145C29F651C,,GBR,102500,London,C1 3EJ,GB        ,FALSE,FALSE,GBR       ,1,52 Deirdre Lane
United Kingdom,Aston Martin,DB2,31600,970,750,550,Blue,39500,,GBPGB288,2018-08-10 12:00:00,TRUE,2018-08-02 12:00:00,Mr. Evan Telford,311,F4443E46-3EAC-4C10-902C-71257DEEE229,,GBR,39500,Manchester,M2 6KL,GB        ,FALSE,FALSE,GBR       ,1,"7, Godzilla Street"
United Kingdom,Aston Martin,DB9,49240,660,750,550,Black,61550,,GBPGB289,2018-08-11 12:00:00,TRUE,2018-08-02 12:00:00,Expensive Shine,312,4EE854BF-A9DD-453B-815E-E0692A75A969,,GBR,61550,Manchester,M17 3EF,GB        ,TRUE,FALSE,GBR       ,1,"89, Abbots Lane"
United Kingdom,Aston Martin,Virage,44000,1360,1500,550,Blue,55000,,GBPGB290,2018-08-15 12:00:00,TRUE,2018-08-02 12:00:00,Steve Docherty,313,3D2E9AD0-972B-4A09-895F-1833655CFB21,,GBR,55000,Manchester,M7 9AS,GB        ,FALSE,FALSE,GBR       ,1,"5, Albermarle Avenue"
Germany,Bentley,Mulsanne,79600,2000,750,750,Silver,99500,1250,EURDE291,2018-08-16 12:00:00,TRUE,2018-08-02 12:00:00,Rodolph Legler,314,480D88A9-B1E5-4A79-9D2C-C1050C6DA00A,,GBR,99500,Stuttgart,,DE        ,FALSE,FALSE,DEU       ,1,SingerStrasse 89
Switzerland,Bentley,Arnage,45440,500,750,550,Silver,56800,750,GBPCH292,2018-08-18 12:00:00,TRUE,2018-08-02 12:00:00,Le Luxe en Motion,315,EE92EE4A-977E-4BC6-BEFF-512CC468944C,,GBR,56800,Geneva,CH-1201,CH        ,TRUE,TRUE,CHF       ,1,"Avenue des Indes, 26"
United States,Bentley,Continental,71600,1490,750,750,Dark Purple,89500,,USDUS293,2018-09-01 12:00:00,TRUE,2018-08-31 12:00:00,Screamin' Wheels,316,B8498BEE-D1C5-4D93-981F-640031A3AE6C,,GBR,89500,Los Angeles,,US        ,TRUE,FALSE,USA       ,1,1090 Reagan Road
France,Bentley,Flying Spur,58000,1490,225,750,British Racing Green,72500,,EURFR294,2018-09-01 12:00:00,TRUE,2018-08-31 12:00:00,SuperSport S.A.R.L.,317,A44EE0A0-B924-4B29-9C05-BA4BFADE084B,,GBR,72500,Paris,,FR        ,TRUE,TRUE,FRA       ,1,210 Place de la Republique
United Kingdom,Bentley,Mulsanne,45560,970,750,550,Red,56950,,GBPGB295,2018-09-01 12:00:00,FALSE,2018-08-31 12:00:00,Convertible Dreams,318,C8C871B4-F08D-445A-BCD1-ACFEC616A113,,GBR,56950,London,SW2 6PL,GB        ,TRUE,FALSE,GBR       ,1,"31, Archbishop Ave"
United Kingdom,Mercedes,280SL,50000,500,225,550,Canary Yellow,62500,,GBPGB296,2018-09-04 12:00:00,TRUE,2018-09-01 12:00:00,ImpressTheNeighbours.Com,319,47693731-F213-4E60-97D6-115A7BD83259,,GER,62500,Birmingham,B4 4RY,GB        ,TRUE,FALSE,GBR       ,1,"47, Edgbaston Row"
Spain,Mercedes,280SL,45512,1360,750,550,Silver,56890,,EURES297,2018-09-04 12:00:00,TRUE,2018-09-01 12:00:00,Antonio Maura,320,73FB2744-5AD9-42DC-A29C-B9B2FEF8353C,,GER,56890,Madrid,,ES        ,FALSE,FALSE,ESP       ,1,"Puerta del Sol, 45"
France,Mercedes,350SL,26880,2000,457,550,Dark Purple,33600,,EURFR298,2018-09-08 12:00:00,TRUE,2018-09-01 12:00:00,Wladimir Lacroix,321,DB742D0B-E562-41F4-AC94-8C58C2B0B69C,,GER,33600,Lyon,,FR        ,FALSE,FALSE,FRA       ,1,"3, Rue de la Vie en Rose"
United Kingdom,Mercedes,500SL,24400,1360,750,150,Silver,30500,2450,GBPGB299,2018-09-08 12:00:00,TRUE,2018-09-01 12:00:00,Pete Spring,322,51784E0D-09DB-4A40-8E92-CB09A0DE4444,,GER,30500,Manchester,M3 4WR,GB        ,FALSE,TRUE,GBR       ,1,"53, Pimlico Square"
France,Citroen,Traaction Avant,20000,1360,457,150,Green,25000,,EURFR300,2018-09-15 12:00:00,TRUE,2018-09-10 12:00:00,Khader El Ghannam,323,1A861C29-F198-4D34-BDAF-B35E8080320A,,FRA,50500,Paris,,FR        ,FALSE,FALSE,FRA       ,1,"10, rue de Jemappes"
France,Delahaye,135,20400,1360,750,150,Dark Purple,25500,,EURFR300,2018-09-15 12:00:00,TRUE,2018-09-10 12:00:00,Khader El Ghannam,324,D0F51768-8924-4EF5-A3E9-B31AC7129BFB,,FRA,50500,Paris,,FR        ,FALSE,FALSE,FRA       ,2,"10, rue de Jemappes"
United Kingdom,Delahaye,145,31600,970,750,550,Night Blue,39500,,GBPGB301,2018-09-15 12:00:00,TRUE,2018-09-10 12:00:00,Expensive Shine,325,E8FF8444-2B18-45A0-84AC-F776755E06ED,,FRA,39500,Manchester,M17 3EF,GB        ,TRUE,FALSE,GBR       ,1,"89, Abbots Lane"
Italy,Delahaye,175,10000,500,457,150,Pink,12500,,EURIT302,2018-09-15 12:00:00,TRUE,2018-09-10 12:00:00,Bravissima!,326,A3E788F8-889C-45E1-A610-881983869F6B,,FRA,12500,Rome,175,IT        ,TRUE,FALSE,ITA       ,1,"Via Rosso, 34"
United Kingdom,Trabant,500,920,500,750,150,Red,1150,1500,GBPGB303,2018-10-02 12:00:00,TRUE,2018-09-30 12:00:00,Mary Blackhouse,327,C8F49B5E-EDDB-42D0-BE0F-8C4181A6C81D,,GER,5600,London,E1 9AP,GB        ,FALSE,FALSE,GBR       ,1,"260, Oxford Avenue"
United Kingdom,Trabant,600,1560,500,750,150,Red,1950,,GBPGB303,2018-10-02 12:00:00,TRUE,2018-10-01 12:00:00,Mary Blackhouse,328,1D5C9493-4BA2-415A-B4D6-7079278CA2DC,,GER,5600,London,E1 9AP,GB        ,FALSE,FALSE,GBR       ,2,"260, Oxford Avenue"
United Kingdom,Trabant,500,2000,500,750,150,Blue,2500,,GBPGB303,2018-10-02 12:00:00,TRUE,2018-10-01 12:00:00,Mary Blackhouse,329,0A059F54-46DE-4A25-8B5D-D7373AEE6F91,,GER,5600,London,E1 9AP,GB        ,FALSE,FALSE,GBR       ,3,"260, Oxford Avenue"
France,Aston Martin,DB5,55600,2000,457,750,Blue,69500,,EURFR304,2018-10-02 12:00:00,TRUE,2018-10-01 12:00:00,Jacques Mitterand,330,6AE8BA09-AE75-4CA4-81EE-6CD2B3947120,,GBR,69500,Paris,,FR        ,FALSE,FALSE,FRA       ,1,1 Quai des Pertes
Switzerland,Aston Martin,DB9,36000,500,750,550,Silver,45000,,GBPCH305,2018-10-02 12:00:00,TRUE,2018-10-10 12:00:00,Francoise LeBrun,331,3BDD9316-9359-464B-B98E-308494AD3056,,GBR,45000,Lausanne,,CH        ,FALSE,FALSE,CHF       ,1,"56, Rue Verte"
United States,Aston Martin,Vanquish,45592,970,457,550,Black,56990,,USDUS306,2018-10-31 12:00:00,TRUE,2018-10-10 12:00:00,Stephany Rousso,332,3C17F01C-25FF-463B-86AA-1A34FEA02FF2,,GBR,56990,Los Angeles,,US        ,FALSE,FALSE,USA       ,1,10180 Orange County Place
United States,Jaguar,Mark X,69200,2175,750,750,Red,86500,2450,USDUS307,2018-10-31 12:00:00,TRUE,2018-10-29 12:00:00,Jayden Jones,333,0E2AECED-5A41-412A-9414-DE7217C0B6EB,,GBR,86500,Washington,,US        ,FALSE,FALSE,USA       ,1,10500 Lincoln Square
United Kingdom,Jaguar,XJ12,14280,970,750,150,Black,17850,1250,GBPGB308,2018-10-31 12:00:00,TRUE,2018-10-29 12:00:00,Alex McWhirter,334,91B4067A-EBDE-4C1E-9370-3E894FD2FD7D,,GBR,17850,Newcastle,NE1 7DH,GB        ,FALSE,FALSE,GBR       ,1,"89, Harlequin Road"
France,Jaguar,Mark V,20760,1360,457,150,Black,25950,,EURFR309,2018-10-31 12:00:00,TRUE,2018-10-29 12:00:00,Francois Chirac,335,436E43FB-E015-48E4-B549-33F4A0EE8D3F,,GBR,25950,Paris,,FR        ,FALSE,FALSE,FRA       ,1,"2, Quai de l'Enfer"
United Kingdom,Jaguar,XK150,23600,660,750,150,Black,29500,,GBPGB310,2018-10-31 12:00:00,TRUE,2018-10-29 12:00:00,Andy Cheshire,336,E166158C-F3BA-47DE-A499-A703210CF128,,GBR,29500,Stoke,ST4 2OZ,GB        ,FALSE,FALSE,GBR       ,1,"7, Wedgewood Steet"
France,Jaguar,XK120,47200,2000,750,550,Blue,59000,4500,EURFR311,2018-10-31 12:00:00,FALSE,2018-10-29 12:00:00,Casseroles Chromes,337,1C9E6944-A890-4D7B-8F98-32B7276A78B3,,GBR,59000,Lyon,,FR        ,TRUE,FALSE,FRA       ,1,"29, Rue Gigondas"
United States,Triumph,TR5,7600,500,750,150,Green,9500,,USDUS312,2018-10-31 12:00:00,TRUE,2018-10-29 12:00:00,Stephany Rousso,338,7461FB42-ECE2-4C8C-BDBB-EF26AF3069F9,,GBR,9500,Los Angeles,,US        ,FALSE,FALSE,USA       ,1,10180 Orange County Place
France,Triumph,TR5,7120,500,750,150,British Racing Green,8900,,EURFR313,2018-11-02 12:00:00,TRUE,2018-11-01 12:00:00,Laurent Saint Yves,339,98828061-0C7A-42C2-95D0-3095AD2EF0E4,,GBR,8900,Marseille,,FR        ,FALSE,FALSE,FRA       ,1,"49, Rue Quicampoix"
Switzerland,Triumph,TR4,9272,500,250,150,Black,11590,,GBPCH314,2018-11-15 12:00:00,TRUE,2018-11-01 12:00:00,Matterhorn Motors,340,E519F3CF-BE4B-44CF-98D5-80EC33EC6CE1,,GBR,11590,Lausanne,,CH        ,TRUE,FALSE,CHF       ,1,"1, Rue de la Colline"
United Kingdom,Triumph,TR4,6800,500,750,150,Red,8500,,GBPGB315,2018-11-22 12:00:00,TRUE,2018-11-01 12:00:00,Posh Vehicles Ltd,341,E6923E8C-C07A-430F-B80D-7D5F329055AB,,GBR,8500,Manchester,M4 5SD,GB        ,TRUE,FALSE,GBR       ,1,"82, Millar Close"
United States,Aston Martin,DB9,47600,500,500,550,Black,59500,,USDUS316,2018-12-05 12:00:00,TRUE,2018-12-01 12:00:00,Jason B. Wight,342,0487C263-79B7-4F2B-8D0E-B0BAA41D7F24,,GBR,59500,Washington,,US        ,FALSE,FALSE,USA       ,1,5300 Star Boulevard
Italy,Aston Martin,Virage,98800,2000,3150,750,Black,123500,3500,EURIT317,2018-12-05 12:00:00,TRUE,2018-12-01 12:00:00,Ronaldo Bianco,343,92FDF39E-6565-4B68-80BA-02ED30F00A7E,,GBR,123500,Milan,,IT        ,FALSE,FALSE,ITA       ,1,Palazzo Medusa 2000
United Kingdom,Aston Martin,DB9,79600,1490,750,750,Night Blue,99500,,GBPGB318,2018-12-08 12:00:00,TRUE,2018-12-05 12:00:00,Andrea Tarbuck,344,5D7C9AA9-F0C7-4F8E-8524-6481BE3CC62E,,GBR,99500,Birmingham,B4 8SG,GB        ,FALSE,FALSE,GBR       ,1,"2,Newcastle Lane"
United Kingdom,Aston Martin,DB6,43600,970,289,550,Black,54500,,GBPGB319,2018-12-08 12:00:00,TRUE,2018-12-07 12:00:00,Boris Spry,345,CD2E20D3-1A10-4460-AC3B-FAC658F5F6F4,,GBR,56090,Birmingham,B1 4BZ,GB        ,FALSE,FALSE,GBR       ,1,"53, Odeon Way"
United Kingdom,Trabant,600,1272,500,750,150,Black,1590,,GBPGB319,2018-12-08 12:00:00,TRUE,2018-12-07 12:00:00,Boris Spry,346,3C384AE3-7F59-4CD6-BAFE-5E6EFFD25FAD,,GER,56090,Birmingham,B1 4BZ,GB        ,FALSE,FALSE,GBR       ,2,"53, Odeon Way"
Spain,Triumph,TR5,9200,500,750,150,Black,11500,,EURES320,2018-12-16 12:00:00,TRUE,2018-12-15 12:00:00,Antonio Maura,347,6556A473-CE18-428F-8F33-955E80FBA888,,GBR,11500,Madrid,,ES        ,FALSE,FALSE,ESP       ,1,"Puerta del Sol, 45"
United States,Alfa Romeo,Giulietta,14360,2000,1050,150,Night Blue,17950,1500,USDUS321,2018-12-17 12:00:00,TRUE,2018-12-16 12:00:00,Screamin' Wheels,348,F166C930-3101-42E9-8AE8-189F47FA0014,,ITA,17950,Los Angeles,,US        ,TRUE,FALSE,USA       ,1,1090 Reagan Road
France,Citroen,Rosalie,4400,500,750,150,Black,5500,,EURFR322,2018-12-31 12:00:00,TRUE,2018-12-31 12:00:00,Laurent Saint Yves,349,2E0E8003-F9CC-486D-9D08-D4DAC688C800,,FRA,5500,Marseille,,FR        ,FALSE,FALSE,FRA       ,1,"49, Rue Quicampoix"
United Kingdom,Reliant,Robin,760,500,750,150,Black,950,,GBPGB323,2018-12-31 12:00:00,TRUE,2018-12-31 12:00:00,Mrs. Ivana Telford,350,C2623FF4-88AA-40E9-AF3B-8D009C25027B,,FRA,950,Liverpool,L2 9RT,GB        ,FALSE,FALSE,GBR       ,1,"52, Gerrard Mansions"
United Kingdom,Ferrari,Daytona,116000,3950,,1950,Black,145000,5000,GBPGB324,2018-12-31 12:00:00,TRUE,2018-12-31 12:00:00,Andy Cheshire,351,C7569243-BDDB-4250-901E-EA6034824106,,ITA,145000,Stoke,ST4 2OZ,GB        ,FALSE,FALSE,GBR       ,1,"7, Wedgewood Steet"
